client_id,client_type,gender,country,region,date_of_birth,acquisition_purpose,loan_applied,referral_channel,satisfaction_score,annual_income,property_budget,investment_amount
C0001,Individual,Female,UK,South India,1978-03-08,Personal Use,Yes,Advertisement,2,4128489,25379429,24889146
C0002,Corporate,Male,UAE,Middle East,1998-05-27,Investment,No,Advertisement,2,4835776,19972215,27002232
C0003,Investor,Male,India,South India,1965-01-09,Commercial,Yes,Online,1,1620925,17356670,3390632
C0004,Investor,Male,USA,North India,1993-06-18,Rental,No,Social Media,2,2453301,35332157,10221896
C0005,Individual,Male,USA,South India,1965-12-17,Personal Use,No,Social Media,3,4894950,24117175,28646991
C0006,Individual,Male,UAE,North India,1982-04-17,Personal Use,Yes,Advertisement,2,4609979,16494703,20366891
C0007,Individual,Female,Singapore,North India,1960-05-28,Investment,No,Online,5,1526805,41348264,3007913
C0008,Corporate,Female,India,South India,1995-11-18,Personal Use,No,Online,3,3204660,35898393,4646181
C0009,Investor,Female,UK,Europe,1964-10-10,Personal Use,Yes,Online,1,1668895,40782988,8983057
C0010,Investor,Female,India,West India,1964-07-04,Personal Use,Yes,Real Estate Agent,3,2078575,12892651,7360961
C0011,Individual,Female,India,South India,1987-01-03,Commercial,Yes,Social Media,5,4425481,29981746,28990746
C0012,Corporate,Female,India,North America,1997-06-01,Personal Use,Yes,Social Media,5,3310049,6717209,4688851
C0013,Investor,Female,India,Europe,1970-01-15,Investment,Yes,Real Estate Agent,2,1503371,2731126,16751688
C0014,Individual,Male,India,Europe,1990-11-26,Rental,No,Referral,2,1134543,30077886,4859122
C0015,Individual,Male,USA,North America,2004-08-19,Investment,No,Real Estate Agent,4,4698149,13476500,14009125
C0016,Individual,Male,India,West India,1995-08-15,Investment,Yes,Online,3,1760706,13570325,16356513
C0017,Individual,Female,UK,Europe,1973-01-31,Investment,Yes,Real Estate Agent,4,1360705,14372018,16516142
C0018,Individual,Female,India,North India,1982-06-01,Personal Use,No,Online,5,4387338,44367860,4808368
C0019,Individual,Male,India,West India,1995-09-03,Rental,Yes,Advertisement,2,4324248,31780217,4443183
C0020,Individual,Female,UAE,Asia Pacific,1968-02-20,Personal Use,No,Online,2,3799458,44732016,22091195
C0021,Investor,Male,India,North America,1990-07-02,Rental,Yes,Social Media,2,1652002,46507650,20058484
C0022,Individual,Female,India,West India,2000-08-25,Personal Use,Yes,Real Estate Agent,1,3419684,48229714,23500775
C0023,Individual,Male,UK,South India,1999-06-28,Investment,Yes,Online,5,2726485,9384640,6452521
C0024,Individual,Male,India,West India,1964-01-28,Rental,No,Referral,2,3370207,21051488,11952553
C0025,Individual,Female,India,North India,1984-12-27,Investment,Yes,Advertisement,5,4967522,36572854,16155665
C0026,Investor,Male,India,South India,1987-02-14,Investment,No,Referral,2,2668103,45077747,28757161
C0027,Individual,Male,Australia,Middle East,1964-12-07,Personal Use,Yes,Referral,3,648595,7120632,25752552
C0028,Individual,Male,USA,North America,2002-10-14,Investment,Yes,Referral,5,2352361,29004997,5921211
C0029,Investor,Female,UK,North America,1969-08-21,Investment,Yes,Advertisement,4,2676881,17145072,23194295
C0030,Individual,Female,USA,West India,1976-02-22,Personal Use,No,Advertisement,1,1320200,28724309,18431488
C0031,Investor,Male,India,Europe,2001-09-26,Personal Use,No,Advertisement,4,1240271,46825264,24609635
C0032,Individual,Female,India,South India,1969-01-24,Personal Use,Yes,Advertisement,5,4159257,36480067,773591
C0033,Individual,Female,UAE,Middle East,1981-12-05,Commercial,Yes,Referral,2,1996261,30783879,22638050
C0034,Corporate,Male,India,South India,1992-08-06,Personal Use,Yes,Social Media,5,1437763,38837759,2683721
C0035,Corporate,Male,India,North America,1993-06-23,Rental,Yes,Social Media,1,4348602,15887076,737963
C0036,Investor,Male,India,South India,1974-12-15,Investment,Yes,Advertisement,5,3216300,24047070,28494001
C0037,Individual,Male,India,Middle East,1995-10-04,Personal Use,No,Real Estate Agent,2,1578152,47302116,21305270
C0038,Individual,Female,Australia,Europe,1969-06-20,Rental,No,Online,4,4604069,10478700,27514739
C0039,Investor,Male,India,West India,1970-03-19,Personal Use,Yes,Real Estate Agent,3,3923700,33783577,7485012
C0040,Individual,Female,India,North India,1980-08-30,Rental,Yes,Real Estate Agent,4,2507154,4104490,11925633
C0041,Individual,Female,India,South India,1960-01-28,Investment,No,Real Estate Agent,2,2232717,13838535,22221897
C0042,Individual,Male,Australia,North India,2002-06-17,Investment,No,Social Media,2,2246398,12025063,5766440
C0043,Individual,Female,India,North America,1977-08-02,Personal Use,Yes,Online,1,2672660,49325600,19115258
C0044,Corporate,Male,India,West India,1994-02-04,Investment,Yes,Real Estate Agent,5,877698,17105196,15311305
C0045,Individual,Female,UK,Asia Pacific,2005-10-13,Rental,Yes,Advertisement,5,3532196,24422556,14748225
C0046,Investor,Female,UK,West India,1985-05-09,Investment,Yes,Social Media,4,930929,11189828,12561863
C0047,Individual,Female,India,South India,2003-06-05,Commercial,Yes,Advertisement,3,3972653,29726004,26193527
C0048,Individual,Female,India,Europe,1994-02-27,Commercial,Yes,Advertisement,3,3823496,26132903,11464464
C0049,Individual,Male,India,West India,1995-06-04,Investment,No,Real Estate Agent,1,3555694,11480470,27577776
C0050,Individual,Female,India,South India,2005-08-29,Investment,Yes,Advertisement,2,2717574,33635372,26848956
C0051,Corporate,Female,India,South India,1987-07-07,Rental,Yes,Online,1,2496852,14804929,6059011
C0052,Investor,Female,India,North India,1975-05-16,Commercial,Yes,Advertisement,5,2461838,15290494,27781201
C0053,Corporate,Female,India,West India,1991-12-27,Personal Use,No,Real Estate Agent,2,3136563,35690015,6257662
C0054,Corporate,Female,India,South India,1991-12-31,Investment,No,Advertisement,1,3256064,46770034,2265040
C0055,Investor,Male,USA,North India,1970-05-29,Personal Use,Yes,Social Media,4,1453535,33258590,2880232
C0056,Corporate,Male,Australia,Middle East,1982-09-02,Personal Use,Yes,Social Media,5,2810098,39664093,25443292
C0057,Individual,Female,USA,Asia Pacific,1980-03-12,Investment,No,Social Media,3,2206129,32021570,28765426
C0058,Individual,Male,India,North India,1987-10-14,Rental,Yes,Referral,1,1805313,26184050,9770573
C0059,Individual,Female,India,North India,1998-06-30,Investment,Yes,Social Media,5,2924462,12034167,11350173
C0060,Individual,Female,Australia,South India,1964-10-10,Investment,Yes,Social Media,5,4239757,44055176,29375792
C0061,Individual,Male,India,North America,1992-06-14,Investment,Yes,Referral,3,4761502,32514633,1345377
C0062,Individual,Male,India,North America,2000-02-23,Investment,Yes,Social Media,3,4563121,24066172,14399012
C0063,Investor,Female,USA,Europe,1964-06-21,Investment,No,Real Estate Agent,3,4935484,12780077,10642842
C0064,Individual,Male,USA,North America,1982-04-24,Personal Use,No,Social Media,1,4086788,30059633,28766726
C0065,Individual,Female,USA,North India,2000-03-02,Investment,Yes,Social Media,3,4511818,22356665,1105109
C0066,Individual,Male,India,Europe,1972-11-14,Investment,No,Referral,4,3073383,46544110,25043343
C0067,Individual,Female,India,South India,1996-07-19,Investment,Yes,Real Estate Agent,5,731012,26761753,17424431
C0068,Investor,Male,Australia,West India,1962-10-10,Commercial,Yes,Advertisement,3,1077578,34606144,11821936
C0069,Individual,Female,India,Asia Pacific,2004-07-27,Personal Use,No,Online,5,4808355,14028317,10256659
C0070,Corporate,Male,UK,Asia Pacific,1969-01-12,Personal Use,No,Real Estate Agent,2,950162,1975288,13699751
C0071,Investor,Female,UK,North India,1964-02-15,Personal Use,Yes,Advertisement,2,3152447,13188709,17078887
C0072,Individual,Male,USA,North India,1973-02-24,Commercial,Yes,Real Estate Agent,3,1768737,47646616,29320694
C0073,Individual,Female,India,Europe,2000-05-30,Investment,No,Advertisement,5,3763019,36816785,12105855
C0074,Investor,Female,India,South India,1989-08-22,Personal Use,No,Advertisement,2,3509848,29073920,7990282
C0075,Investor,Male,USA,Middle East,1997-11-03,Rental,No,Real Estate Agent,3,4878903,4772093,19466894
C0076,Investor,Male,Singapore,North India,1995-08-12,Personal Use,Yes,Referral,5,3156624,35288823,11716977
C0077,Investor,Male,Australia,Middle East,2003-03-22,Investment,Yes,Real Estate Agent,3,3864905,16136834,2788421
C0078,Individual,Female,India,Middle East,1985-01-09,Personal Use,Yes,Real Estate Agent,5,1951870,19090000,25775189
C0079,Individual,Female,India,North America,1978-08-12,Investment,Yes,Advertisement,2,3735160,5814206,1021291
C0080,Individual,Female,Australia,South India,1961-07-21,Personal Use,No,Online,3,4586321,32574919,798510
C0081,Corporate,Male,UK,Asia Pacific,1991-10-29,Rental,Yes,Advertisement,2,1689783,19159088,5140475
C0082,Investor,Male,Singapore,Asia Pacific,1993-06-11,Investment,Yes,Social Media,3,2080913,31088999,599830
C0083,Individual,Female,India,Middle East,1981-10-23,Rental,No,Real Estate Agent,1,534278,15691024,13844485
C0084,Individual,Female,USA,Asia Pacific,1982-03-26,Investment,Yes,Real Estate Agent,2,1242721,28749720,10954961
C0085,Individual,Other,UK,South India,2004-07-27,Rental,Yes,Referral,2,681097,25239037,23348439
C0086,Individual,Male,UK,North America,1991-01-14,Personal Use,No,Advertisement,4,2576082,24876491,16574206
C0087,Investor,Female,India,South India,1971-10-20,Investment,No,Referral,2,3808939,47545884,29389459
C0088,Investor,Male,India,North India,1996-02-08,Investment,No,Real Estate Agent,5,3858530,37239832,14044712
C0089,Corporate,Male,USA,Middle East,1998-07-29,Commercial,Yes,Advertisement,3,3073605,17900210,20183591
C0090,Individual,Female,India,South India,1965-06-05,Investment,No,Advertisement,1,4937229,9329315,1819021
C0091,Individual,Female,India,Asia Pacific,1963-01-01,Investment,No,Social Media,5,2638083,44286388,22646962
C0092,Investor,Other,Australia,West India,1997-03-09,Investment,Yes,Social Media,5,1660561,39656437,18429415
C0093,Investor,Male,India,South India,1977-10-15,Personal Use,Yes,Online,5,3411164,22701976,19866113
C0094,Investor,Male,UAE,Middle East,1997-01-31,Personal Use,No,Social Media,5,2858547,19659676,26040792
C0095,Investor,Female,India,North America,1991-09-17,Investment,Yes,Advertisement,1,4090789,8118986,28716259
C0096,Individual,Female,UK,Asia Pacific,2002-02-07,Investment,No,Social Media,4,2947663,49929091,13644094
C0097,Individual,Male,Australia,North America,1989-09-29,Investment,Yes,Online,2,651442,27563405,27206533
C0098,Individual,Male,India,Middle East,1971-09-19,Investment,Yes,Real Estate Agent,5,3820690,42970989,24434722
C0099,Individual,Male,India,Asia Pacific,1980-01-08,Personal Use,Yes,Social Media,2,1720055,33659749,22438274
C0100,Individual,Female,India,North India,2002-04-10,Rental,No,Advertisement,2,717152,25008208,25474674
C0101,Individual,Male,India,Asia Pacific,1966-06-27,Investment,Yes,Real Estate Agent,5,4141761,33914375,18872380
C0102,Investor,Male,UK,North India,2004-05-01,Investment,Yes,Advertisement,4,4860025,34932579,17919529
C0103,Individual,Male,Singapore,North America,1974-11-15,Investment,No,Real Estate Agent,2,473916,40010377,24816555
C0104,Individual,Male,India,North America,1961-11-18,Commercial,No,Advertisement,3,826141,27190307,9311309
C0105,Corporate,Male,India,Middle East,1996-01-27,Commercial,No,Social Media,2,2417949,6648399,12941373
C0106,Individual,Female,India,North India,1960-03-09,Rental,Yes,Social Media,5,4653618,10225551,12074621
C0107,Individual,Male,UK,North America,1988-03-09,Investment,Yes,Online,1,4998615,24149336,16950555
C0108,Investor,Female,India,North India,1978-07-19,Investment,No,Real Estate Agent,2,4183599,37063080,5860593
C0109,Individual,Male,USA,North America,1993-05-17,Investment,No,Online,4,1009003,22068700,28450807
C0110,Individual,Female,USA,Asia Pacific,1989-07-16,Investment,Yes,Referral,3,2733728,18405054,3170111
C0111,Individual,Female,USA,South India,1978-11-13,Personal Use,Yes,Social Media,3,456680,47013239,2977512
C0112,Individual,Female,India,West India,1988-03-30,Rental,No,Real Estate Agent,1,2450377,9264197,21229646
C0113,Corporate,Female,UK,Asia Pacific,1961-03-15,Rental,Yes,Online,1,4268434,18903744,20018526
C0114,Investor,Male,India,Europe,1980-06-10,Rental,No,Online,2,3632838,47203390,5870777
C0115,Investor,Male,India,South India,1968-10-14,Investment,Yes,Referral,5,3455319,32564198,28169890
C0116,Corporate,Female,Singapore,Europe,1969-09-19,Personal Use,Yes,Online,4,418510,28036032,20144182
C0117,Investor,Other,UK,North America,1968-06-05,Investment,No,Advertisement,3,4131624,40126898,11745002
C0118,Individual,Female,India,West India,1969-07-22,Investment,Yes,Social Media,1,3860054,6697767,2407273
C0119,Corporate,Female,India,West India,1969-09-13,Rental,Yes,Online,4,3048323,45655550,15191235
C0120,Individual,Female,India,North America,1978-06-26,Investment,Yes,Online,5,1336232,43777794,12507035
C0121,Investor,Male,India,North America,2000-10-23,Personal Use,Yes,Referral,3,2368487,41801088,13531293
C0122,Corporate,Male,India,North India,1999-06-30,Investment,No,Advertisement,3,1985508,46159014,11035708
C0123,Individual,Female,India,North America,1992-05-03,Personal Use,No,Online,5,1819702,17422892,11544773
C0124,Individual,Female,India,Middle East,1978-07-26,Rental,No,Social Media,3,452748,34529501,25947418
C0125,Individual,Male,UK,North America,2002-08-11,Investment,Yes,Social Media,5,4391181,3637023,6149396
C0126,Individual,Female,USA,Middle East,2000-07-06,Rental,Yes,Online,3,1511227,27559264,9800940
C0127,Investor,Male,UK,North America,1960-10-27,Investment,Yes,Advertisement,2,4497304,9837039,2681752
C0128,Corporate,Female,India,North India,1972-11-08,Personal Use,No,Social Media,5,428669,44671829,17412729
C0129,Individual,Male,Australia,Middle East,1993-05-01,Rental,No,Social Media,4,3946226,9787933,8999923
C0130,Individual,Male,UAE,South India,2004-05-31,Personal Use,No,Advertisement,2,2785835,40036597,4582564
C0131,Individual,Female,UAE,Middle East,2005-08-13,Commercial,Yes,Advertisement,4,2369387,16473155,5238707
C0132,Individual,Male,UAE,Asia Pacific,1989-06-07,Investment,Yes,Online,3,4349905,10700566,12658029
C0133,Individual,Female,Australia,North India,1980-01-03,Personal Use,Yes,Real Estate Agent,4,4827974,12131318,23131788
C0134,Individual,Female,India,Europe,1997-10-31,Personal Use,Yes,Referral,2,2267691,48042987,16663853
C0135,Corporate,Female,India,Middle East,1963-10-21,Commercial,Yes,Real Estate Agent,5,1601934,26180888,4387239
C0136,Individual,Male,USA,Asia Pacific,1984-04-26,Investment,No,Real Estate Agent,1,403599,34193168,17946191
C0137,Individual,Male,UK,Asia Pacific,1987-06-28,Rental,Yes,Social Media,4,1577089,21583924,28433068
C0138,Investor,Male,UK,Asia Pacific,1976-10-24,Personal Use,Yes,Advertisement,1,3823261,34129934,26608695
C0139,Individual,Other,India,North America,1995-11-23,Investment,Yes,Social Media,4,3000017,26825654,10572142
C0140,Corporate,Female,India,Asia Pacific,1976-05-05,Personal Use,No,Referral,4,1723038,27105331,11028498
C0141,Corporate,Female,India,North America,1996-01-14,Investment,No,Online,5,2762351,49130995,23286752
C0142,Individual,Female,Singapore,Europe,1984-12-31,Personal Use,No,Referral,3,1045452,39559836,632053
C0143,Individual,Female,USA,North India,1973-10-16,Rental,No,Social Media,2,2055443,26802304,5932561
C0144,Individual,Female,India,West India,2000-03-24,Personal Use,Yes,Social Media,2,2501794,35961728,21431303
C0145,Individual,Male,India,North America,1966-09-17,Personal Use,No,Social Media,2,1982185,17626577,15523874
C0146,Individual,Female,India,Asia Pacific,1960-01-25,Personal Use,Yes,Social Media,3,1790688,44154734,10807967
C0147,Investor,Male,Singapore,Asia Pacific,1976-04-28,Investment,Yes,Real Estate Agent,1,4289381,6444929,23446166
C0148,Individual,Female,USA,South India,1966-12-31,Investment,No,Online,2,921315,34277744,6227961
C0149,Individual,Female,UAE,Asia Pacific,2005-01-08,Personal Use,No,Real Estate Agent,1,1867836,43413511,15691865
C0150,Individual,Female,India,North India,1981-01-05,Investment,Yes,Social Media,3,3698771,32462677,17287944
C0151,Corporate,Male,USA,Middle East,2005-03-11,Investment,Yes,Advertisement,3,2228918,10274965,5586588
C0152,Individual,Male,India,Middle East,1975-05-18,Personal Use,Yes,Real Estate Agent,5,3138599,49842265,23390439
C0153,Individual,Male,UK,Asia Pacific,1988-03-08,Investment,Yes,Social Media,2,4357887,42371016,11103376
C0154,Individual,Male,India,South India,1998-05-11,Investment,Yes,Social Media,5,2570972,35925460,19592790
C0155,Corporate,Male,India,North America,1996-09-02,Personal Use,Yes,Online,2,3130502,33706654,3419798
C0156,Individual,Female,USA,North India,1987-03-02,Investment,Yes,Referral,3,951764,18233651,9927575
C0157,Investor,Female,Australia,South India,1971-03-13,Commercial,No,Real Estate Agent,3,4001627,42391038,25854831
C0158,Investor,Male,India,North America,1999-07-23,Rental,Yes,Real Estate Agent,4,4212079,7816874,3339593
C0159,Individual,Male,UAE,North India,1966-10-08,Rental,Yes,Real Estate Agent,4,2189033,1538359,5549144
C0160,Investor,Male,India,Asia Pacific,1988-08-30,Investment,Yes,Social Media,3,1568931,42766413,11282007
C0161,Individual,Female,India,Middle East,1980-05-25,Rental,No,Online,3,3615775,28635360,26785349
C0162,Investor,Female,India,North India,1968-02-12,Rental,Yes,Social Media,1,4736172,14109318,22745973
C0163,Investor,Female,India,Asia Pacific,1982-03-10,Rental,Yes,Social Media,1,3037108,34161879,1561999
C0164,Individual,Female,India,Europe,1966-01-21,Investment,Yes,Advertisement,5,2525258,37762568,28063182
C0165,Individual,Other,India,West India,1985-11-19,Personal Use,No,Online,4,2423106,33062839,20072533
C0166,Investor,Female,India,North India,1978-08-06,Rental,No,Real Estate Agent,4,766074,25934767,4691533
C0167,Individual,Male,Singapore,West India,1986-02-27,Personal Use,No,Referral,3,2384030,15768178,4434147
C0168,Individual,Female,India,North India,1983-10-30,Personal Use,No,Real Estate Agent,3,3794493,24590030,8951587
C0169,Individual,Male,UAE,West India,1996-03-11,Personal Use,No,Social Media,5,666651,43487202,23344125
C0170,Investor,Female,India,Europe,2002-02-28,Personal Use,No,Online,4,577375,47376483,23652577
C0171,Investor,Male,USA,Middle East,1980-12-21,Investment,Yes,Online,1,3648280,22841395,14814716
C0172,Individual,Female,India,North America,1964-08-29,Personal Use,Yes,Online,2,3701467,6882843,10014154
C0173,Individual,Female,India,West India,2005-12-04,Investment,No,Advertisement,5,2627666,46411494,19438173
C0174,Individual,Female,India,Europe,1971-09-11,Personal Use,Yes,Real Estate Agent,2,2738500,47259947,21591299
C0175,Investor,Female,India,West India,1984-07-08,Investment,Yes,Advertisement,1,2226669,18759423,2021876
C0176,Individual,Male,India,Middle East,1991-05-17,Personal Use,No,Referral,1,4515361,49084152,5104156
C0177,Investor,Male,USA,West India,1978-04-10,Investment,Yes,Social Media,2,4025153,47635165,28254111
C0178,Individual,Male,Singapore,Europe,1974-11-29,Personal Use,No,Advertisement,5,2989201,15024437,23152116
C0179,Corporate,Male,UAE,Asia Pacific,1965-05-17,Rental,No,Advertisement,2,1500620,21098669,26029428
C0180,Individual,Female,UK,Europe,1987-04-26,Investment,Yes,Social Media,5,1408882,24946730,15669027
C0181,Individual,Male,India,South India,1988-08-27,Investment,No,Online,5,530436,18556089,5426528
C0182,Individual,Female,India,Middle East,1974-03-05,Investment,Yes,Social Media,3,4683667,18243764,896605
C0183,Corporate,Female,India,Asia Pacific,1990-07-22,Rental,Yes,Real Estate Agent,4,2818113,5518633,22638201
C0184,Corporate,Female,India,South India,1972-07-08,Personal Use,Yes,Social Media,4,2075902,29783081,7964567
C0185,Individual,Male,India,Middle East,1980-08-26,Personal Use,No,Online,1,2019530,28566658,16500242
C0186,Investor,Female,India,Asia Pacific,1984-05-21,Investment,No,Social Media,3,3965117,3596057,10529953
C0187,Investor,Female,India,West India,2005-07-09,Personal Use,Yes,Advertisement,4,3533105,29746000,5293480
C0188,Investor,Female,India,Asia Pacific,1977-10-28,Rental,No,Referral,5,3568253,24302929,13683222
C0189,Individual,Female,UAE,Europe,1969-02-05,Rental,Yes,Advertisement,5,3658021,39850418,21014860
C0190,Individual,Female,UAE,South India,1986-02-10,Personal Use,No,Referral,2,4631707,9240786,24275889
C0191,Individual,Male,India,West India,1989-01-23,Investment,Yes,Social Media,2,797046,6324107,17210511
C0192,Corporate,Female,Singapore,Europe,1963-12-03,Investment,No,Real Estate Agent,5,3470800,35000727,16396239
C0193,Corporate,Male,Australia,Middle East,1980-12-16,Investment,Yes,Social Media,5,2649170,12166148,8434968
C0194,Investor,Male,India,Asia Pacific,1983-01-31,Investment,Yes,Online,2,2782800,29877975,13775944
C0195,Individual,Male,India,Europe,1982-10-22,Investment,Yes,Social Media,4,2083415,49878383,8606954
C0196,Individual,Male,India,West India,1991-03-04,Investment,No,Referral,1,3863587,47891421,5219704
C0197,Investor,Male,Australia,South India,1983-07-30,Investment,Yes,Advertisement,2,3471097,4229198,25570297
C0198,Corporate,Male,Singapore,South India,1997-12-24,Commercial,No,Real Estate Agent,4,4106871,34313198,9379100
C0199,Corporate,Female,India,Asia Pacific,2005-09-08,Personal Use,Yes,Social Media,4,511597,3865530,16710873
C0200,Investor,Female,India,Europe,1965-12-02,Rental,Yes,Social Media,4,4767226,18871742,12869123
C0201,Investor,Female,USA,West India,1977-10-04,Rental,Yes,Advertisement,3,1811379,21634027,4769865
C0202,Individual,Male,India,North India,1971-03-26,Investment,No,Real Estate Agent,3,2794019,36929953,16393794
C0203,Individual,Male,India,Middle East,2003-08-31,Rental,Yes,Social Media,4,4236827,22976147,5336773
C0204,Corporate,Female,Singapore,Middle East,1988-07-10,Investment,No,Social Media,5,4591161,24904296,5279074
C0205,Investor,Male,UK,West India,1963-03-14,Personal Use,No,Referral,3,4075555,5274015,14734874
C0206,Individual,Male,UAE,North India,1961-02-19,Investment,No,Referral,2,4527741,3238275,13992322
C0207,Individual,Female,Singapore,South India,1989-11-09,Commercial,Yes,Online,3,2089224,4925300,25722449
C0208,Investor,Male,UK,Asia Pacific,1996-10-10,Investment,No,Advertisement,5,2860436,7557049,18267271
C0209,Individual,Female,India,North America,1974-05-10,Investment,No,Real Estate Agent,1,4942429,22930119,27100903
C0210,Individual,Female,USA,North America,2005-04-07,Commercial,Yes,Social Media,3,2270942,33872213,13416302
C0211,Individual,Male,India,Asia Pacific,1976-02-25,Investment,No,Social Media,4,4472743,34501289,28665318
C0212,Investor,Male,UK,West India,1962-04-18,Personal Use,Yes,Online,4,3293059,21607494,15308722
C0213,Investor,Female,India,North India,1976-10-27,Rental,Yes,Social Media,4,594202,33081813,9433863
C0214,Individual,Male,UK,North India,1987-01-27,Rental,Yes,Advertisement,1,4916025,6924381,16185008
C0215,Investor,Male,India,Middle East,1994-04-23,Commercial,Yes,Online,5,4328056,1233597,16515040
C0216,Individual,Other,India,South India,2003-08-18,Commercial,Yes,Advertisement,2,3229380,39115727,11699468
C0217,Individual,Male,India,Europe,1980-06-10,Investment,Yes,Online,5,2938309,38668374,12976892
C0218,Investor,Female,India,North India,2001-04-30,Rental,No,Social Media,1,2015620,3897596,7706009
C0219,Investor,Other,UK,Asia Pacific,1990-08-24,Personal Use,Yes,Online,4,3330424,32361097,6479212
C0220,Investor,Male,UK,Europe,1963-08-13,Personal Use,Yes,Referral,5,700767,36668996,21165655
C0221,Investor,Male,India,North America,1996-04-25,Investment,Yes,Real Estate Agent,2,4378222,4110806,23387260
C0222,Investor,Male,India,Europe,1993-06-23,Personal Use,No,Social Media,4,4650994,6615054,9627593
C0223,Individual,Male,India,South India,1974-05-01,Commercial,No,Real Estate Agent,2,1547556,15442577,6775589
C0224,Individual,Male,India,Asia Pacific,1993-01-17,Commercial,No,Social Media,3,917926,43210840,21947876
C0225,Individual,Female,India,South India,1976-10-27,Personal Use,No,Real Estate Agent,2,1321594,3575326,24223105
C0226,Individual,Male,Singapore,Europe,1961-07-06,Investment,Yes,Referral,4,856082,44400596,20818666
C0227,Corporate,Female,India,West India,2003-09-21,Investment,No,Real Estate Agent,3,1828094,36221781,6889576
C0228,Individual,Other,India,North India,1961-08-22,Rental,Yes,Online,4,4116714,40693127,23196165
C0229,Corporate,Female,India,Asia Pacific,2001-05-03,Rental,Yes,Real Estate Agent,4,2760406,4589974,3311047
C0230,Investor,Female,India,West India,2000-07-09,Personal Use,No,Social Media,3,875197,25643143,16535624
C0231,Investor,Male,India,Europe,1985-08-13,Investment,Yes,Advertisement,2,1580034,38899331,22765608
C0232,Individual,Female,USA,North India,1995-03-28,Personal Use,No,Real Estate Agent,1,1690858,30932863,13142233
C0233,Investor,Female,India,Middle East,1994-01-06,Personal Use,No,Real Estate Agent,1,4563219,11535517,16463495
C0234,Individual,Male,India,West India,1965-06-05,Commercial,Yes,Real Estate Agent,1,2282809,1784402,28854754
C0235,Individual,Male,India,West India,1981-06-09,Personal Use,Yes,Social Media,1,1282517,14881983,1736236
C0236,Investor,Female,India,Europe,1968-03-16,Investment,Yes,Real Estate Agent,5,3504632,25972881,4304178
C0237,Individual,Male,India,North America,1991-10-11,Personal Use,No,Social Media,1,1472374,31621620,27212417
C0238,Individual,Male,Australia,Europe,1964-10-25,Investment,No,Social Media,3,1855357,10377500,10258559
C0239,Investor,Male,USA,West India,1979-03-25,Commercial,Yes,Advertisement,1,2520179,16471958,10745168
C0240,Individual,Male,USA,North India,1998-01-13,Investment,Yes,Online,4,900252,43322016,4920047
C0241,Corporate,Female,India,North America,2002-03-10,Personal Use,No,Social Media,1,4115222,6405747,20634243
C0242,Corporate,Female,India,Europe,1986-02-02,Investment,No,Referral,2,4652638,16405230,7814257
C0243,Corporate,Female,India,Asia Pacific,1960-04-24,Personal Use,Yes,Real Estate Agent,3,3075059,32767889,12985581
C0244,Individual,Male,UK,Europe,1993-04-06,Personal Use,Yes,Referral,3,820091,15770091,12318141
C0245,Individual,Male,UK,West India,2002-12-27,Rental,No,Real Estate Agent,5,3699380,28313504,8012129
C0246,Corporate,Female,India,West India,1986-09-06,Investment,Yes,Advertisement,4,659201,5242546,13482220
C0247,Individual,Male,India,Middle East,1967-05-13,Investment,Yes,Social Media,3,3238339,12649024,19278970
C0248,Corporate,Male,India,Europe,1968-03-07,Investment,No,Online,2,4467520,4637310,3253082
C0249,Corporate,Female,Singapore,West India,1968-08-17,Personal Use,No,Social Media,1,2186936,12011831,11915348
C0250,Corporate,Male,USA,Asia Pacific,1992-02-01,Investment,Yes,Real Estate Agent,3,4905797,3125542,16032339
C0251,Individual,Female,India,South India,2002-11-14,Personal Use,Yes,Online,2,4733227,23683873,4099696
C0252,Individual,Male,India,North America,1984-09-04,Rental,Yes,Social Media,1,2553766,41925214,20754366
C0253,Corporate,Male,USA,South India,1977-05-16,Rental,Yes,Online,5,603474,20456844,28525614
C0254,Individual,Male,India,North America,1969-10-14,Personal Use,No,Real Estate Agent,3,526745,15953080,25760152
C0255,Individual,Female,India,Asia Pacific,1981-06-17,Personal Use,Yes,Advertisement,3,2202572,27832919,19244061
C0256,Investor,Female,India,Europe,1996-06-29,Investment,No,Advertisement,2,3495039,48577924,18976435
C0257,Corporate,Female,UK,Middle East,2000-08-01,Personal Use,No,Social Media,4,3035947,10092054,18564132
C0258,Investor,Female,India,West India,1975-03-28,Rental,Yes,Referral,5,1773651,34785792,22806438
C0259,Investor,Male,India,West India,1972-02-22,Investment,Yes,Real Estate Agent,4,3096939,25342688,8949809
C0260,Individual,Female,Singapore,West India,1975-06-21,Personal Use,Yes,Social Media,3,1300794,23930686,23904087
C0261,Investor,Male,India,Europe,1980-05-11,Rental,No,Social Media,4,2332457,20617905,23781482
C0262,Corporate,Female,India,North America,1970-02-25,Rental,No,Advertisement,1,1807539,42584544,2513279
C0263,Individual,Male,India,Asia Pacific,1999-07-26,Investment,Yes,Online,5,2496958,47023610,14536081
C0264,Individual,Female,India,West India,1964-09-05,Personal Use,No,Real Estate Agent,4,4680424,38358811,9623801
C0265,Corporate,Male,UAE,South India,1987-04-02,Investment,No,Online,1,1277350,25322404,28164228
C0266,Investor,Male,India,West India,1964-08-19,Investment,No,Real Estate Agent,2,990888,8452840,20276027
C0267,Investor,Female,India,Europe,2002-07-02,Commercial,Yes,Referral,4,3063288,22081611,26148945
C0268,Investor,Male,USA,Asia Pacific,1999-03-19,Rental,Yes,Advertisement,5,931108,29148680,22620449
C0269,Individual,Male,USA,Middle East,1985-11-02,Rental,No,Referral,1,713678,43516721,4419059
C0270,Individual,Male,UK,Asia Pacific,1960-05-05,Investment,Yes,Social Media,4,2189087,10506954,25310051
C0271,Investor,Male,India,South India,1995-06-10,Rental,Yes,Advertisement,2,3933063,48999072,22914975
C0272,Investor,Female,India,West India,1963-04-14,Personal Use,Yes,Social Media,4,2842716,31384274,17447532
C0273,Corporate,Female,UK,West India,1976-09-05,Investment,Yes,Referral,1,1627103,12508917,16155959
C0274,Corporate,Female,India,North India,2004-10-31,Personal Use,Yes,Real Estate Agent,4,1794208,1799800,1363996
C0275,Individual,Female,UAE,North America,1967-06-04,Investment,No,Social Media,5,3010948,9174433,14085775
C0276,Individual,Male,UAE,South India,1985-02-20,Rental,Yes,Online,3,3236297,26214662,10083333
C0277,Investor,Female,UAE,North India,1976-05-31,Personal Use,Yes,Real Estate Agent,1,933885,37283059,11698969
C0278,Investor,Male,India,Asia Pacific,1982-05-27,Investment,No,Real Estate Agent,1,2191456,13682241,14413263
C0279,Investor,Male,India,Middle East,1975-01-24,Investment,Yes,Referral,1,3011111,35409759,11446422
C0280,Investor,Female,UAE,North America,1995-05-17,Investment,Yes,Referral,1,4807300,39507657,5514236
C0281,Corporate,Male,India,South India,1967-01-09,Investment,No,Advertisement,4,4045207,21043368,26078937
C0282,Individual,Female,India,West India,1989-07-16,Personal Use,No,Advertisement,5,3530512,37625919,21792579
C0283,Individual,Male,Singapore,Asia Pacific,1973-10-03,Rental,No,Online,2,2464731,46976455,20329249
C0284,Individual,Female,Singapore,South India,1962-10-28,Investment,No,Real Estate Agent,5,2998677,9708825,8834206
C0285,Investor,Female,India,West India,1963-05-26,Investment,Yes,Online,1,1258468,40525597,5583496
C0286,Individual,Female,India,North America,1964-10-08,Personal Use,No,Online,4,3843214,43187082,9177649
C0287,Individual,Female,India,West India,1975-08-19,Rental,Yes,Referral,4,3435633,40533160,24271312
C0288,Individual,Female,UAE,Middle East,2000-05-09,Investment,No,Online,1,1683224,9614291,21048871
C0289,Individual,Male,Singapore,Asia Pacific,1992-05-22,Investment,Yes,Online,4,3660564,35818555,26566105
C0290,Investor,Female,India,Europe,1997-09-21,Personal Use,No,Social Media,1,506998,15337150,20534062
C0291,Individual,Male,India,West India,1982-05-05,Investment,No,Advertisement,5,780703,33151777,6062344
C0292,Individual,Female,Singapore,Middle East,1993-11-18,Investment,No,Advertisement,3,3230273,11558423,4373680
C0293,Investor,Female,India,Europe,1972-01-21,Rental,Yes,Real Estate Agent,4,3098457,2305068,5549025
C0294,Individual,Female,India,Asia Pacific,1973-05-29,Personal Use,Yes,Advertisement,1,1928545,6735642,3153381
C0295,Individual,Male,Australia,North America,1960-06-12,Personal Use,No,Real Estate Agent,1,1111182,15040340,7546492
C0296,Individual,Male,India,North America,1969-01-23,Rental,No,Social Media,4,480291,25601348,13228218
C0297,Investor,Female,USA,Asia Pacific,2001-01-16,Personal Use,Yes,Advertisement,2,4422610,26700220,27313860
C0298,Individual,Male,India,Asia Pacific,1966-03-01,Investment,No,Social Media,1,2139528,46649236,24910175
C0299,Investor,Male,India,South India,1990-05-15,Investment,No,Advertisement,4,2392349,24349699,28197441
C0300,Individual,Male,UAE,Middle East,1978-01-16,Investment,Yes,Advertisement,1,1028556,16248752,19679537
C0301,Individual,Female,India,Middle East,1980-12-19,Investment,No,Social Media,2,3858010,39974383,9429343
C0302,Individual,Female,Australia,Asia Pacific,1974-05-14,Personal Use,Yes,Online,3,3083838,24640911,29028489
C0303,Individual,Male,USA,North India,1981-02-14,Rental,Yes,Online,2,621163,4987422,6283881
C0304,Investor,Male,India,North India,1970-06-14,Commercial,Yes,Online,5,2297678,40210457,7706757
C0305,Investor,Male,India,Europe,1972-08-05,Personal Use,No,Online,4,3671341,7112445,8631322
C0306,Corporate,Female,India,Europe,1987-05-01,Investment,No,Advertisement,2,2599223,22638003,3303627
C0307,Individual,Female,India,North India,1962-09-21,Investment,Yes,Referral,3,4050824,25800965,5696816
C0308,Individual,Male,India,Asia Pacific,1972-12-14,Rental,No,Social Media,1,510572,44992911,17337050
C0309,Investor,Male,India,Asia Pacific,1980-12-31,Personal Use,No,Referral,4,2636149,2913894,23126444
C0310,Individual,Male,India,Europe,1982-09-09,Personal Use,No,Referral,2,3117159,4243899,25384531
C0311,Individual,Female,UK,West India,1992-07-07,Rental,Yes,Real Estate Agent,3,1209063,42879950,7713499
C0312,Individual,Female,USA,Asia Pacific,2004-12-10,Rental,No,Online,2,801099,23273285,24025871
C0313,Individual,Male,UK,North India,2003-05-27,Rental,Yes,Advertisement,5,4482940,20822529,23980745
C0314,Corporate,Male,India,Middle East,1996-12-07,Investment,Yes,Online,4,1596845,13800727,8730362
C0315,Investor,Male,India,Asia Pacific,1975-03-25,Rental,Yes,Online,1,2387214,11756656,8762900
C0316,Investor,Female,USA,Asia Pacific,1983-12-06,Rental,Yes,Referral,3,676786,1641627,6195265
C0317,Individual,Male,India,West India,1966-02-26,Investment,No,Real Estate Agent,2,4483671,25523904,28897918
C0318,Individual,Female,India,Europe,1976-12-14,Personal Use,Yes,Online,4,4561011,17324963,10089334
C0319,Individual,Female,UAE,Asia Pacific,1987-02-03,Investment,No,Social Media,2,3127533,24155347,26620902
C0320,Individual,Male,UAE,North America,1977-07-16,Commercial,Yes,Social Media,4,817799,43940847,20161669
C0321,Individual,Male,India,South India,1963-03-02,Investment,Yes,Online,5,4163901,47421831,29833439
C0322,Investor,Male,India,North India,1999-03-15,Personal Use,No,Referral,2,4918462,43167360,27039168
C0323,Investor,Female,UAE,North America,1983-05-15,Investment,No,Referral,5,3303107,47681305,2768299
C0324,Individual,Female,USA,Europe,1974-07-01,Rental,Yes,Advertisement,3,4966733,33696882,1642252
C0325,Corporate,Female,UAE,Middle East,1993-07-30,Investment,Yes,Real Estate Agent,5,4684933,14817258,23048043
C0326,Investor,Female,UAE,South India,1976-11-06,Investment,Yes,Referral,4,4053432,46445936,20852530
C0327,Investor,Male,UAE,North America,1985-01-05,Personal Use,Yes,Advertisement,3,2836126,31959512,18170536
C0328,Investor,Female,India,South India,1996-03-05,Commercial,No,Social Media,2,1756258,16182921,8422505
C0329,Individual,Female,India,North India,1993-01-19,Investment,No,Social Media,2,2806606,15433704,21064368
C0330,Individual,Male,UK,Europe,1988-01-16,Investment,Yes,Social Media,4,1563842,30398207,19847505
C0331,Individual,Female,USA,Asia Pacific,1968-12-29,Rental,No,Online,1,3296283,4189948,16403463
C0332,Investor,Female,UK,Middle East,1986-01-26,Personal Use,No,Real Estate Agent,1,4673487,32608843,29660742
C0333,Individual,Female,India,Europe,1965-06-26,Commercial,Yes,Advertisement,2,460282,28375854,17268424
C0334,Individual,Female,India,South India,1987-04-28,Investment,Yes,Real Estate Agent,4,2555401,12650919,19510571
C0335,Individual,Female,Singapore,North America,1988-07-30,Personal Use,No,Online,1,523844,1048720,16361070
C0336,Individual,Female,UK,North India,1998-12-14,Investment,No,Advertisement,5,2831275,16960516,27231486
C0337,Corporate,Male,Singapore,North India,1970-01-20,Investment,Yes,Advertisement,2,2471979,19364798,11601198
C0338,Investor,Male,UAE,Europe,1980-06-02,Personal Use,Yes,Referral,5,4337080,46517581,1999163
C0339,Individual,Female,USA,Asia Pacific,1969-07-11,Personal Use,Yes,Real Estate Agent,4,3321580,30851695,26403491
C0340,Individual,Male,USA,North America,2000-10-04,Rental,No,Real Estate Agent,5,2890388,41208700,7725206
C0341,Individual,Male,Singapore,Asia Pacific,1960-02-21,Investment,Yes,Referral,1,1312234,7973648,26993760
C0342,Individual,Male,USA,Asia Pacific,1965-11-29,Personal Use,Yes,Social Media,1,4576116,22377600,4473369
C0343,Individual,Male,USA,North America,1972-01-08,Personal Use,No,Online,3,4593352,30972794,13388043
C0344,Individual,Female,India,South India,2004-01-10,Commercial,No,Real Estate Agent,2,3424320,14624049,5326616
C0345,Individual,Female,India,Europe,1965-10-13,Investment,No,Referral,4,3306809,40854065,28701057
C0346,Investor,Male,UK,Europe,1994-11-30,Investment,Yes,Advertisement,2,2696397,10821646,3106894
C0347,Investor,Male,India,West India,1999-12-15,Investment,Yes,Referral,5,1947840,40558907,9455216
C0348,Individual,Male,India,Europe,2001-12-30,Personal Use,Yes,Social Media,4,1533909,10974890,21744965
C0349,Individual,Female,India,North India,1963-09-16,Investment,Yes,Online,4,4241313,48351846,19580491
C0350,Investor,Female,India,South India,1975-05-22,Commercial,No,Social Media,1,4867255,46046340,13306322
C0351,Individual,Male,India,North America,1970-04-12,Investment,Yes,Advertisement,5,1400778,13037458,19500928
C0352,Corporate,Female,India,Europe,2005-06-06,Rental,Yes,Advertisement,1,3272325,22932974,26977435
C0353,Investor,Female,Singapore,South India,2004-04-06,Investment,Yes,Advertisement,1,3398277,20201739,19265268
C0354,Individual,Female,India,Europe,1960-08-25,Personal Use,Yes,Advertisement,3,916243,47543395,19686969
C0355,Individual,Female,India,North America,1983-05-07,Commercial,No,Referral,1,939353,8619709,17914893
C0356,Investor,Male,India,Middle East,1982-02-09,Investment,Yes,Advertisement,2,2511577,15139454,28210627
C0357,Individual,Female,UK,North America,1983-10-18,Commercial,Yes,Advertisement,4,3296695,44479883,25948900
C0358,Investor,Male,India,North America,1986-09-17,Personal Use,Yes,Referral,1,4456150,10276497,19640704
C0359,Corporate,Female,UAE,North America,1969-09-10,Commercial,Yes,Advertisement,2,2362821,29681200,1302560
C0360,Investor,Female,USA,Europe,1985-07-15,Personal Use,Yes,Social Media,5,2840342,32676210,11008596
C0361,Individual,Female,UAE,West India,1988-11-09,Investment,No,Social Media,4,402175,6646319,14418469
C0362,Investor,Female,India,North America,1979-11-14,Investment,No,Real Estate Agent,5,1722061,13182826,5335620
C0363,Individual,Male,UK,North India,2005-04-07,Investment,No,Social Media,2,3347492,41380449,27617313
C0364,Individual,Female,India,North India,1992-02-02,Investment,No,Online,5,4226742,46646575,14416410
C0365,Corporate,Other,Australia,South India,1964-06-12,Investment,No,Online,5,3999839,14050513,28854682
C0366,Individual,Female,USA,West India,1980-12-22,Investment,No,Online,5,4129712,32319676,17646841
C0367,Corporate,Male,India,South India,1980-08-12,Personal Use,Yes,Referral,1,2686113,40281720,1703880
C0368,Corporate,Male,India,North India,1997-05-20,Rental,Yes,Social Media,1,4939563,43191832,20611282
C0369,Individual,Male,India,Asia Pacific,1965-10-09,Investment,Yes,Online,1,2789490,41474647,16757710
C0370,Individual,Female,UK,North India,1970-10-22,Investment,No,Real Estate Agent,4,4007838,31761274,16683052
C0371,Individual,Female,India,Middle East,1981-08-17,Personal Use,No,Referral,2,3630086,35617637,6424555
C0372,Individual,Male,USA,North America,1996-08-11,Investment,No,Real Estate Agent,1,3910420,18612704,17549412
C0373,Individual,Female,India,Asia Pacific,1973-06-15,Investment,Yes,Social Media,5,958867,21720649,2354529
C0374,Investor,Female,USA,North India,1978-04-03,Investment,No,Advertisement,5,3169067,25237732,14856282
C0375,Individual,Female,UAE,Europe,1966-03-13,Commercial,Yes,Real Estate Agent,5,440751,41991739,11199587
C0376,Individual,Female,UAE,Europe,1970-06-12,Rental,Yes,Advertisement,5,1649247,9527574,16560474
C0377,Investor,Female,UAE,South India,1961-07-31,Investment,Yes,Referral,3,3619908,8386105,11545594
C0378,Individual,Female,India,Asia Pacific,2001-02-23,Personal Use,Yes,Real Estate Agent,4,4799054,23726922,5429009
C0379,Investor,Male,India,South India,1967-07-26,Personal Use,Yes,Real Estate Agent,2,3579249,48996695,657044
C0380,Individual,Female,UK,North America,2002-11-01,Personal Use,Yes,Referral,2,3033004,7858839,23149097
C0381,Individual,Female,India,North America,1984-06-28,Personal Use,Yes,Referral,1,1029443,6405126,12289964
C0382,Investor,Female,India,Middle East,1997-12-06,Personal Use,No,Online,3,1388144,10356913,9884171
C0383,Investor,Female,India,West India,1967-06-05,Investment,No,Social Media,2,1439535,3219540,4627617
C0384,Corporate,Female,India,South India,2003-06-01,Investment,No,Real Estate Agent,4,2684302,11689268,8466937
C0385,Investor,Male,India,North America,1983-08-14,Personal Use,Yes,Real Estate Agent,5,3896619,10013678,20444974
C0386,Investor,Male,Singapore,South India,1995-10-12,Rental,No,Referral,1,1197634,25899555,27232333
C0387,Individual,Male,India,North America,2000-04-19,Personal Use,No,Referral,4,771551,8579375,2506456
C0388,Individual,Male,USA,North India,1964-03-13,Rental,Yes,Social Media,2,2408265,38136302,24309673
C0389,Investor,Female,India,South India,2005-04-27,Commercial,Yes,Referral,3,4569895,3529195,27743925
C0390,Investor,Other,USA,North India,1979-06-03,Investment,Yes,Advertisement,1,2107621,16312615,3735559
C0391,Corporate,Male,India,South India,1996-01-08,Personal Use,Yes,Advertisement,2,3635925,46526759,23646072
C0392,Individual,Male,Singapore,West India,1997-09-28,Personal Use,No,Advertisement,1,1491213,42328881,19352814
C0393,Individual,Female,Singapore,Middle East,2002-09-08,Commercial,No,Advertisement,2,4042192,31175933,8835948
C0394,Investor,Male,India,Europe,2000-03-25,Commercial,Yes,Social Media,5,2315954,44281285,11265959
C0395,Individual,Female,Singapore,Europe,1969-02-28,Personal Use,No,Real Estate Agent,3,4407374,21289601,21963956
C0396,Corporate,Female,Australia,Europe,1970-12-27,Investment,No,Advertisement,5,555647,19815947,3540149
C0397,Corporate,Female,UAE,North India,1960-02-01,Rental,No,Referral,2,3980345,22625209,29719168
C0398,Individual,Male,UAE,Asia Pacific,1990-07-18,Investment,Yes,Advertisement,4,1578102,48282563,22898764
C0399,Investor,Male,India,North America,1988-03-18,Rental,No,Social Media,5,4053451,31045974,22440081
C0400,Investor,Female,USA,Europe,1981-07-26,Commercial,Yes,Referral,4,861833,30719966,27062453
C0401,Individual,Female,India,West India,1976-11-22,Investment,No,Advertisement,2,4472681,27145753,17051325
C0402,Corporate,Male,India,Europe,1993-01-25,Personal Use,Yes,Real Estate Agent,3,3016670,34767168,15397853
C0403,Individual,Female,Australia,South India,1966-05-04,Personal Use,Yes,Referral,4,3648394,49424164,25921896
C0404,Investor,Male,India,North India,1960-03-06,Personal Use,No,Referral,2,2154741,33063094,14707660
C0405,Individual,Female,UK,Asia Pacific,1994-01-02,Investment,Yes,Real Estate Agent,4,1530127,35033171,14122818
C0406,Corporate,Male,UAE,South India,1980-08-16,Rental,Yes,Referral,5,4141896,8982529,13159409
C0407,Individual,Female,Singapore,Asia Pacific,1998-11-21,Commercial,Yes,Advertisement,2,1351710,43185763,24372809
C0408,Individual,Male,Australia,South India,2001-12-08,Commercial,No,Referral,5,4707427,3028366,17452964
C0409,Corporate,Male,India,South India,2002-04-27,Investment,Yes,Advertisement,1,3227700,22628523,29044282
C0410,Individual,Male,India,Middle East,1974-05-11,Rental,No,Real Estate Agent,2,3439206,19728124,9242392
C0411,Individual,Male,India,Middle East,1982-04-29,Rental,Yes,Online,4,3914734,43753201,21681637
C0412,Corporate,Female,India,North America,1992-05-14,Investment,Yes,Real Estate Agent,1,1697327,16684191,1555677
C0413,Corporate,Other,India,North India,1965-03-07,Investment,Yes,Advertisement,5,4411577,39862867,2921791
C0414,Investor,Male,India,West India,1979-03-20,Investment,Yes,Social Media,5,1235669,33559485,4043687
C0415,Investor,Male,UAE,West India,1989-01-29,Commercial,Yes,Real Estate Agent,4,1070774,34145440,24101911
C0416,Individual,Female,USA,West India,1962-08-31,Personal Use,Yes,Social Media,1,1577209,48956029,4308102
C0417,Individual,Female,India,South India,1989-08-30,Rental,No,Social Media,3,1266297,13854513,20983412
C0418,Individual,Female,USA,Middle East,1978-02-10,Investment,No,Advertisement,4,2090045,33801922,23363505
C0419,Investor,Male,India,North India,1971-11-08,Rental,Yes,Advertisement,5,711294,6645916,25912941
C0420,Investor,Male,India,South India,1964-01-17,Investment,Yes,Online,2,2013955,2474542,11176366
C0421,Investor,Female,UAE,Asia Pacific,1980-01-25,Investment,No,Referral,1,2701348,21293210,14718985
C0422,Investor,Male,USA,Middle East,1977-08-23,Personal Use,Yes,Real Estate Agent,3,3338926,3331770,12807865
C0423,Individual,Female,UAE,Middle East,2004-11-10,Investment,Yes,Advertisement,2,4349770,25630711,4342996
C0424,Individual,Male,India,Europe,1991-03-25,Rental,No,Real Estate Agent,1,2269060,13227486,14502207
C0425,Individual,Female,UAE,Europe,1978-09-26,Investment,No,Social Media,4,4943511,1902562,16017414
C0426,Individual,Male,USA,North India,1976-05-08,Personal Use,No,Referral,4,3468689,44846086,10862907
C0427,Individual,Female,USA,Asia Pacific,2001-11-16,Personal Use,Yes,Online,1,2919379,45813509,16366875
C0428,Corporate,Female,USA,North India,1973-12-23,Personal Use,Yes,Real Estate Agent,3,4497996,5407577,12167878
C0429,Individual,Female,Singapore,North India,1989-12-05,Investment,No,Referral,1,4647837,22259264,7817994
C0430,Individual,Male,USA,South India,1981-02-01,Investment,Yes,Online,2,1568964,20136419,909759
C0431,Individual,Female,USA,North America,1998-09-14,Commercial,Yes,Real Estate Agent,2,1195063,29740939,6941804
C0432,Investor,Female,Australia,North India,1967-02-12,Investment,Yes,Referral,4,3633116,4469398,28931566
C0433,Investor,Female,UAE,Europe,1966-02-13,Rental,Yes,Advertisement,1,4529295,11211992,13775153
C0434,Individual,Female,India,North America,1974-12-26,Commercial,No,Real Estate Agent,4,4367924,39810461,20764038
C0435,Individual,Female,UK,South India,1960-01-19,Investment,No,Referral,3,4302859,36813050,8896357
C0436,Investor,Female,India,North America,1962-05-08,Investment,No,Online,2,4584737,48602460,15990678
C0437,Individual,Male,India,West India,1974-09-24,Personal Use,Yes,Referral,5,4707380,10388817,19713962
C0438,Investor,Female,USA,Asia Pacific,1968-04-20,Commercial,Yes,Advertisement,5,4169023,26277992,12639167
C0439,Investor,Female,Singapore,North America,1980-06-15,Commercial,Yes,Real Estate Agent,1,3218710,42401490,10557959
C0440,Individual,Male,Singapore,North India,1972-12-02,Personal Use,Yes,Real Estate Agent,1,4357100,25471171,27086771
C0441,Individual,Male,India,South India,1995-06-09,Rental,No,Real Estate Agent,5,3391002,45297152,13312128
C0442,Corporate,Male,India,Asia Pacific,1973-04-25,Investment,Yes,Advertisement,1,1520368,41794408,5108903
C0443,Individual,Female,India,North India,1971-01-21,Commercial,Yes,Online,2,2918800,39407290,29676562
C0444,Individual,Female,Australia,Asia Pacific,1967-10-17,Commercial,Yes,Real Estate Agent,3,1195005,46355701,17917762
C0445,Investor,Female,Australia,Europe,1982-01-29,Investment,No,Online,3,3682178,28741887,12715108
C0446,Corporate,Female,USA,West India,1991-03-13,Investment,Yes,Referral,4,4922289,8667143,9950365
C0447,Corporate,Male,UAE,Europe,1978-02-17,Investment,Yes,Online,2,1994745,44755918,7884930
C0448,Investor,Male,UK,North India,1993-08-30,Investment,Yes,Online,1,1165127,9649649,12824173
C0449,Individual,Male,USA,North India,1992-04-04,Rental,No,Real Estate Agent,1,2968805,41206869,7281076
C0450,Individual,Male,India,North India,1963-03-05,Investment,Yes,Social Media,4,3368174,37856209,7064462
C0451,Investor,Male,India,Middle East,1972-08-31,Investment,No,Social Media,4,4915593,5296271,14317239
C0452,Investor,Male,UK,West India,1970-03-11,Investment,No,Advertisement,1,1768240,1393345,13373744
C0453,Individual,Female,UK,Asia Pacific,1991-11-04,Commercial,Yes,Advertisement,1,3338396,10759011,23092401
C0454,Corporate,Female,India,North India,1990-11-13,Personal Use,No,Social Media,2,3748410,21230419,28252673
C0455,Individual,Other,Australia,North India,2000-10-05,Personal Use,Yes,Referral,4,2334062,20123087,1823659
C0456,Individual,Female,India,Asia Pacific,1978-01-15,Investment,No,Real Estate Agent,2,2391524,42715522,22483491
C0457,Individual,Female,India,Europe,2002-05-13,Commercial,Yes,Real Estate Agent,1,3963733,37093303,2963448
C0458,Individual,Male,UK,Europe,1966-02-21,Rental,Yes,Referral,5,4854015,34713053,15481793
C0459,Individual,Female,UK,North India,1982-05-22,Investment,Yes,Referral,5,1025122,13070966,21849979
C0460,Individual,Female,USA,South India,1964-10-26,Investment,Yes,Social Media,1,2537154,30134401,16333087
C0461,Individual,Male,India,Middle East,2004-05-11,Investment,No,Advertisement,4,655549,8023330,20662378
C0462,Investor,Male,India,Europe,1974-11-25,Investment,Yes,Referral,5,2191624,33296376,9912812
C0463,Investor,Female,USA,South India,2000-12-21,Personal Use,No,Advertisement,4,774994,16700732,2838299
C0464,Investor,Male,USA,Middle East,1968-11-10,Commercial,Yes,Online,5,2102875,47932609,26064312
C0465,Corporate,Female,India,North India,2002-09-28,Personal Use,No,Real Estate Agent,4,4549285,33304370,25054598
C0466,Individual,Female,UK,West India,1982-07-19,Rental,Yes,Social Media,5,2178650,3602807,18481129
C0467,Individual,Male,India,North America,2003-05-04,Personal Use,Yes,Real Estate Agent,4,3826349,18007315,11240503
C0468,Corporate,Male,USA,North America,1983-10-07,Rental,Yes,Social Media,2,3199045,34452833,15883616
C0469,Individual,Male,UAE,North India,1991-01-18,Rental,No,Online,4,4864944,1918241,14815516
C0470,Corporate,Male,India,Europe,1985-01-17,Investment,Yes,Real Estate Agent,2,1569098,40678709,12539284
C0471,Individual,Male,India,South India,1988-03-20,Investment,Yes,Online,2,4999790,45565779,26271672
C0472,Corporate,Female,UAE,West India,1990-03-02,Personal Use,Yes,Social Media,1,3228520,34486641,6102459
C0473,Individual,Male,USA,Asia Pacific,1990-07-04,Investment,No,Referral,2,2780020,10686424,27307971
C0474,Corporate,Female,UK,Middle East,1986-02-19,Investment,Yes,Real Estate Agent,3,2049478,7979736,8897905
C0475,Individual,Male,UAE,North India,1968-12-20,Personal Use,No,Online,2,1542142,47585396,20289633
C0476,Corporate,Female,UAE,West India,2003-10-30,Commercial,Yes,Real Estate Agent,4,3672920,38922189,23758178
C0477,Individual,Male,Australia,West India,1971-06-04,Personal Use,No,Real Estate Agent,2,4996218,43261482,19308045
C0478,Investor,Male,India,Europe,1996-02-04,Rental,No,Real Estate Agent,4,4013725,4927526,13737854
C0479,Corporate,Female,India,Middle East,1995-02-22,Personal Use,Yes,Advertisement,4,3662983,40442635,1738831
C0480,Individual,Female,India,West India,1984-08-11,Rental,Yes,Online,3,4426642,49679236,26277106
C0481,Investor,Male,India,Europe,1997-08-14,Personal Use,Yes,Online,2,4631659,10809153,25300581
C0482,Investor,Female,USA,South India,1995-11-15,Rental,Yes,Real Estate Agent,2,1486266,4261365,7004514
C0483,Individual,Male,India,Europe,2002-01-17,Personal Use,Yes,Referral,5,3976758,27150237,8749152
C0484,Investor,Female,Singapore,South India,2002-09-30,Personal Use,No,Real Estate Agent,5,4232733,40319534,19119869
C0485,Investor,Male,USA,South India,1969-02-08,Personal Use,Yes,Advertisement,1,1140174,15705596,26259806
C0486,Corporate,Male,USA,Asia Pacific,1961-12-20,Personal Use,No,Social Media,4,603811,3205349,13780045
C0487,Individual,Female,India,Asia Pacific,1962-12-05,Investment,Yes,Advertisement,3,2029494,9448893,29090482
C0488,Individual,Female,India,West India,1981-03-20,Investment,No,Referral,5,4773547,20679666,13123605
C0489,Corporate,Male,India,Europe,1995-06-01,Investment,Yes,Real Estate Agent,2,1994522,39020375,23402975
C0490,Corporate,Female,India,Asia Pacific,1973-05-19,Rental,Yes,Online,1,4872245,23290077,919794
C0491,Individual,Female,India,South India,1990-11-06,Investment,Yes,Real Estate Agent,3,3342383,21655012,19968358
C0492,Investor,Male,USA,Asia Pacific,1981-10-01,Investment,Yes,Referral,2,3926173,7179064,29158541
C0493,Individual,Female,Singapore,Middle East,2003-08-17,Rental,Yes,Online,2,930553,1514938,14932996
C0494,Individual,Male,Singapore,West India,1994-11-25,Investment,No,Advertisement,4,4195627,4070132,23325905
C0495,Individual,Female,USA,Europe,1988-10-05,Personal Use,No,Social Media,4,1651782,5453054,5152328
C0496,Individual,Female,India,Europe,1996-10-27,Investment,Yes,Social Media,5,2466799,20166858,1020436
C0497,Investor,Female,Singapore,North America,1992-01-10,Commercial,Yes,Real Estate Agent,5,846710,47245965,19368742
C0498,Individual,Male,Singapore,Europe,1971-05-02,Rental,Yes,Advertisement,2,3530108,8334806,6132392
C0499,Corporate,Male,India,West India,2001-09-03,Rental,Yes,Referral,2,2130934,39230351,11543587
C0500,Corporate,Male,UK,Middle East,1979-05-28,Personal Use,Yes,Social Media,5,3509070,9507441,4296568
C0501,Investor,Male,India,Europe,1961-09-24,Rental,No,Advertisement,5,2427419,15745270,25808336
C0502,Individual,Male,UAE,North America,1966-01-08,Investment,No,Real Estate Agent,2,1856098,36662518,25656811
C0503,Individual,Female,Australia,West India,1999-10-31,Investment,No,Online,3,3724145,45333059,15468453
C0504,Investor,Male,India,South India,1990-10-25,Investment,Yes,Real Estate Agent,2,3688685,33919477,3536753
C0505,Investor,Male,Singapore,North India,1976-08-17,Personal Use,No,Real Estate Agent,3,4179697,49936269,10666247
C0506,Individual,Female,USA,North India,2005-11-04,Personal Use,No,Advertisement,3,4125613,33397138,16033588
C0507,Corporate,Male,Australia,South India,1988-11-28,Personal Use,Yes,Social Media,2,4470675,25060666,23940270
C0508,Investor,Female,India,Asia Pacific,2004-01-27,Investment,Yes,Advertisement,1,497375,30842019,25535903
C0509,Corporate,Male,UAE,Europe,1983-01-01,Personal Use,No,Online,5,2219941,3338782,13240791
C0510,Investor,Female,India,North India,1991-12-03,Rental,Yes,Advertisement,4,4349244,40732204,1200662
C0511,Investor,Male,India,Asia Pacific,1984-12-22,Personal Use,Yes,Referral,2,3897319,2609387,24834184
C0512,Individual,Male,India,North India,1998-01-15,Rental,Yes,Real Estate Agent,3,2589465,6169501,1163399
C0513,Corporate,Female,Australia,South India,1962-05-27,Investment,No,Social Media,2,3317945,29877486,5204250
C0514,Corporate,Male,UAE,Europe,1997-09-18,Rental,Yes,Online,5,480294,6919261,6052451
C0515,Individual,Female,Singapore,Europe,1989-04-09,Personal Use,No,Real Estate Agent,3,2592209,7515766,27572671
C0516,Individual,Male,Australia,Asia Pacific,2004-02-09,Investment,No,Advertisement,4,2648753,12776360,16942049
C0517,Individual,Male,India,South India,1966-11-28,Investment,No,Referral,4,4259662,19844355,1776828
C0518,Investor,Female,India,Asia Pacific,1994-05-05,Personal Use,Yes,Advertisement,4,783829,7548932,12413281
C0519,Corporate,Male,India,Europe,1977-03-02,Rental,No,Real Estate Agent,1,4568562,22252780,21441729
C0520,Individual,Female,India,Europe,1973-12-06,Personal Use,Yes,Online,3,1942708,30301065,2445853
C0521,Investor,Female,India,West India,1980-09-16,Investment,Yes,Social Media,3,2475713,12647194,19954069
C0522,Individual,Female,India,Asia Pacific,1979-05-07,Rental,Yes,Real Estate Agent,1,1422762,4889359,1090246
C0523,Corporate,Female,India,West India,1977-12-02,Personal Use,Yes,Online,3,954700,38825356,29367115
C0524,Investor,Male,India,South India,1966-05-10,Personal Use,No,Real Estate Agent,1,4848232,25030947,15206661
C0525,Investor,Male,India,Middle East,1995-12-15,Personal Use,Yes,Referral,2,1660680,9810580,12374001
C0526,Individual,Male,India,North India,1982-10-22,Investment,Yes,Advertisement,5,4597232,26248428,13701443
C0527,Individual,Female,Australia,West India,1982-09-16,Personal Use,Yes,Social Media,4,1251590,24687412,2327346
C0528,Individual,Other,UAE,North India,1997-02-08,Investment,No,Online,1,1610280,26037671,29843834
C0529,Individual,Male,Australia,North America,1974-08-08,Commercial,No,Social Media,1,432309,11247166,23637580
C0530,Corporate,Female,India,South India,1981-07-07,Personal Use,No,Social Media,1,440449,25284844,23519219
C0531,Investor,Male,India,Middle East,1974-10-03,Personal Use,Yes,Social Media,2,2140831,23467918,17594548
C0532,Corporate,Female,UAE,North America,1968-10-10,Personal Use,Yes,Online,1,3917937,12209939,15476918
C0533,Corporate,Male,India,North America,1965-12-01,Commercial,No,Online,5,3002226,48780435,4916728
C0534,Investor,Female,India,Europe,1961-10-05,Rental,Yes,Social Media,5,1904915,3399414,12503038
C0535,Investor,Female,India,North America,2001-01-11,Personal Use,Yes,Advertisement,4,3308760,40612346,26501505
C0536,Corporate,Male,India,South India,1991-11-02,Rental,No,Real Estate Agent,2,3744301,19367620,3155687
C0537,Investor,Male,India,West India,1974-08-26,Personal Use,Yes,Social Media,5,3571743,32624181,26129202
C0538,Individual,Male,India,South India,1972-06-19,Personal Use,No,Referral,3,1936519,36838965,23332936
C0539,Individual,Male,UK,West India,1977-11-05,Investment,Yes,Social Media,3,4968798,4866491,22197563
C0540,Individual,Male,India,North America,1975-09-02,Personal Use,Yes,Online,3,2301412,29954973,18575199
C0541,Corporate,Female,India,North America,1981-10-03,Investment,Yes,Real Estate Agent,1,516751,39201625,767587
C0542,Investor,Female,UAE,Middle East,1961-09-02,Commercial,Yes,Referral,1,2154217,31660900,22388222
C0543,Individual,Female,India,West India,1971-10-12,Investment,No,Real Estate Agent,3,2132968,11372364,4301167
C0544,Investor,Male,India,North America,1964-03-23,Commercial,No,Real Estate Agent,4,1739025,41828100,5577554
C0545,Investor,Female,Singapore,Europe,1964-01-06,Personal Use,Yes,Referral,4,3600034,35350616,22951657
C0546,Individual,Female,India,North India,1984-12-08,Personal Use,Yes,Social Media,1,2716400,6455500,18469765
C0547,Individual,Male,India,Middle East,2000-02-16,Personal Use,No,Social Media,3,1569715,10905111,21670351
C0548,Investor,Female,India,South India,1977-01-27,Investment,No,Social Media,4,3448500,18211102,25635625
C0549,Individual,Female,India,Middle East,1997-07-24,Investment,Yes,Advertisement,1,3268839,8538707,15914728
C0550,Investor,Male,USA,North India,1984-10-04,Investment,Yes,Social Media,3,4469617,9808263,25916102
C0551,Individual,Male,UAE,West India,1972-06-02,Personal Use,Yes,Referral,2,4185407,41617672,9037187
C0552,Corporate,Female,India,South India,1987-12-11,Personal Use,No,Advertisement,3,4075378,42806228,22255890
C0553,Investor,Male,USA,South India,1969-12-21,Rental,No,Social Media,3,2533520,36026034,13426841
C0554,Investor,Female,India,West India,1993-01-09,Investment,Yes,Advertisement,5,4638413,23824830,3903154
C0555,Corporate,Female,India,Asia Pacific,2005-01-11,Investment,No,Referral,5,1637293,27542780,21769055
C0556,Individual,Female,USA,Asia Pacific,1995-09-29,Personal Use,Yes,Social Media,2,1374501,32521747,4204187
C0557,Individual,Male,India,Middle East,1961-07-13,Commercial,Yes,Online,2,427426,17093134,22965042
C0558,Individual,Male,India,North America,1964-09-29,Rental,Yes,Referral,3,1304064,25021017,22372971
C0559,Investor,Female,India,Asia Pacific,1984-04-05,Personal Use,No,Real Estate Agent,4,3010320,43905257,29605469
C0560,Investor,Female,India,Middle East,1964-03-22,Personal Use,Yes,Real Estate Agent,2,4441371,48628682,5608364
C0561,Investor,Male,India,Asia Pacific,1985-11-28,Investment,Yes,Referral,3,1376729,14363108,2445112
C0562,Individual,Female,UAE,North India,1966-08-12,Commercial,Yes,Real Estate Agent,1,1071367,17502140,25519107
C0563,Individual,Female,India,Europe,1990-01-26,Personal Use,Yes,Referral,5,2542010,28165194,26940792
C0564,Individual,Male,India,North America,1995-05-02,Investment,Yes,Online,4,2411153,34893213,13604731
C0565,Individual,Male,India,Middle East,1974-10-01,Personal Use,No,Referral,3,3897914,26457746,2839326
C0566,Investor,Female,UK,Europe,1982-06-01,Investment,Yes,Social Media,1,4090255,33219685,25755977
C0567,Individual,Male,USA,Europe,1978-03-10,Commercial,No,Social Media,5,856185,22092438,8056484
C0568,Individual,Male,USA,Asia Pacific,2002-11-23,Investment,Yes,Advertisement,1,1489867,28090868,23816560
C0569,Corporate,Male,UAE,West India,1990-10-16,Personal Use,Yes,Real Estate Agent,3,1487381,4597120,13694350
C0570,Individual,Male,Singapore,North India,1966-09-24,Investment,Yes,Real Estate Agent,2,1547407,14038530,27852340
C0571,Individual,Female,India,North India,1976-07-03,Rental,Yes,Referral,5,2646667,47095003,26830325
C0572,Investor,Female,India,North India,1974-11-30,Rental,Yes,Real Estate Agent,1,409290,46598093,21481478
C0573,Individual,Male,UAE,North America,1965-05-02,Personal Use,Yes,Social Media,2,2254080,40747869,24757017
C0574,Investor,Female,Australia,South India,1977-04-07,Personal Use,No,Online,4,1229722,26938617,1635736
C0575,Corporate,Female,Singapore,North America,1982-08-04,Rental,No,Referral,3,4679490,17789173,10739109
C0576,Corporate,Female,India,Middle East,1982-02-26,Investment,Yes,Real Estate Agent,3,2250123,43914160,28985425
C0577,Individual,Male,India,Europe,1993-11-06,Investment,Yes,Social Media,5,1978013,15531214,25403617
C0578,Corporate,Male,India,Europe,1998-07-06,Investment,Yes,Advertisement,1,3325576,26183653,11224722
C0579,Individual,Other,UK,South India,2004-02-28,Commercial,Yes,Real Estate Agent,4,4429884,23288077,27697696
C0580,Individual,Female,India,Middle East,2003-03-12,Investment,Yes,Online,5,1185088,15088845,23996376
C0581,Individual,Male,India,South India,1960-07-08,Rental,No,Online,5,2408880,4245498,2365501
C0582,Corporate,Male,UAE,Europe,1992-03-05,Personal Use,Yes,Real Estate Agent,1,2265407,45070407,16864473
C0583,Individual,Male,India,Asia Pacific,1980-06-26,Investment,Yes,Real Estate Agent,4,2280519,2498111,29122698
C0584,Individual,Female,Singapore,North America,2005-08-31,Investment,Yes,Social Media,1,2874427,17032031,27786707
C0585,Investor,Female,India,North India,1962-03-10,Investment,Yes,Real Estate Agent,3,1972566,4108958,19512516
C0586,Individual,Female,India,Europe,1987-03-14,Personal Use,No,Advertisement,2,3768410,24722652,27501903
C0587,Individual,Male,India,West India,1984-01-23,Investment,Yes,Social Media,3,1334814,5892712,26552182
C0588,Individual,Female,UAE,North India,1987-02-17,Investment,Yes,Referral,3,706489,43717514,13735072
C0589,Individual,Female,India,Europe,1993-12-28,Rental,No,Advertisement,5,3162734,16701804,6751565
C0590,Individual,Male,India,North America,1989-07-17,Commercial,Yes,Social Media,3,4552554,22178124,541410
C0591,Individual,Female,Australia,South India,1997-11-28,Investment,No,Social Media,4,3446165,45631194,19080353
C0592,Investor,Female,India,Asia Pacific,1972-11-27,Investment,No,Online,3,2628610,41143351,14579031
C0593,Individual,Male,USA,Asia Pacific,1991-03-27,Investment,Yes,Social Media,4,2538030,9666777,9769988
C0594,Individual,Female,USA,North India,1967-10-10,Personal Use,No,Advertisement,1,4301359,32467060,4922747
C0595,Corporate,Male,India,North America,1969-08-14,Rental,Yes,Real Estate Agent,5,2063216,18586354,28852593
C0596,Individual,Female,USA,Asia Pacific,1997-03-28,Investment,Yes,Advertisement,4,1388807,22669796,8225792
C0597,Investor,Female,India,Asia Pacific,1963-02-09,Investment,Yes,Referral,3,3326473,32532783,24146286
C0598,Individual,Female,USA,Middle East,1992-08-13,Rental,Yes,Social Media,5,3083684,38910664,27146165
C0599,Individual,Female,India,West India,1987-08-28,Personal Use,No,Social Media,5,2385243,28103998,26505352
C0600,Individual,Male,USA,North India,1977-12-05,Investment,No,Social Media,4,4289200,29320731,25328186
C0601,Individual,Female,India,South India,1972-05-13,Personal Use,No,Social Media,4,1100461,43615987,5658198
C0602,Individual,Female,USA,Asia Pacific,1971-03-26,Investment,No,Online,2,1100066,3776245,5133572
C0603,Individual,Male,India,Middle East,2004-05-26,Investment,Yes,Online,2,1132444,41327410,6572479
C0604,Individual,Female,India,North America,1972-05-08,Rental,Yes,Real Estate Agent,5,4609419,42017540,19822171
C0605,Individual,Female,India,Asia Pacific,1998-05-25,Rental,Yes,Social Media,2,964267,24203719,5542028
C0606,Individual,Male,India,West India,1991-04-01,Personal Use,Yes,Referral,3,3193153,11823042,8849650
C0607,Individual,Female,UAE,South India,2004-09-05,Commercial,Yes,Real Estate Agent,1,4322874,45741015,21809083
C0608,Individual,Female,India,North America,1994-10-24,Personal Use,No,Social Media,5,4566421,47105868,10634683
C0609,Individual,Male,Singapore,North America,1981-11-01,Rental,Yes,Online,1,807609,28774535,27588585
C0610,Investor,Other,Australia,North India,1994-07-22,Personal Use,Yes,Referral,2,1100416,23631090,6408947
C0611,Individual,Male,USA,Asia Pacific,1988-10-11,Rental,Yes,Real Estate Agent,4,4551511,2077406,26427576
C0612,Investor,Male,India,North India,1988-11-27,Commercial,No,Referral,5,3938236,17692889,21353588
C0613,Investor,Male,India,South India,1961-06-10,Investment,No,Social Media,2,2482264,3389905,15688429
C0614,Individual,Female,UAE,Asia Pacific,1964-10-19,Commercial,No,Advertisement,3,3419517,47558289,16179604
C0615,Corporate,Female,India,Europe,2000-02-16,Rental,Yes,Referral,5,2008990,1889912,6633401
C0616,Corporate,Male,India,Asia Pacific,1987-12-25,Rental,No,Referral,5,3101822,42012742,27205738
C0617,Individual,Male,USA,Europe,1994-11-19,Investment,Yes,Online,4,3768513,35254959,7178134
C0618,Individual,Female,UAE,North America,1973-04-03,Rental,No,Social Media,5,3039668,22196773,3807408
C0619,Investor,Male,UAE,North India,1971-01-24,Rental,Yes,Referral,4,1186526,4989551,1389297
C0620,Investor,Female,India,West India,1984-07-18,Investment,Yes,Social Media,2,1948780,42545295,16615462
C0621,Individual,Female,UK,Asia Pacific,1999-06-23,Commercial,Yes,Online,3,3626364,23935414,12343767
C0622,Individual,Female,India,West India,1972-02-04,Investment,No,Social Media,3,3644181,21541815,13566175
C0623,Individual,Female,India,Asia Pacific,1984-07-30,Investment,Yes,Online,5,2987033,47326587,1057715
C0624,Individual,Male,Singapore,North America,1999-12-09,Personal Use,No,Online,5,2478850,39230048,10456517
C0625,Investor,Other,India,North India,1961-03-24,Personal Use,Yes,Real Estate Agent,2,2757395,31676863,29288810
C0626,Individual,Female,India,South India,1972-07-21,Personal Use,Yes,Social Media,4,2832108,9633829,23203851
C0627,Individual,Female,India,South India,1994-11-29,Investment,Yes,Advertisement,3,1776807,44015683,20290649
C0628,Investor,Male,Singapore,South India,1982-03-14,Commercial,Yes,Real Estate Agent,4,3790584,7684419,27744210
C0629,Individual,Female,UAE,Asia Pacific,2002-07-13,Investment,Yes,Online,2,3595335,36113001,12913430
C0630,Individual,Male,USA,Asia Pacific,1991-05-01,Investment,Yes,Advertisement,3,1851537,46615112,16979002
C0631,Investor,Male,UAE,West India,1960-10-21,Investment,No,Referral,3,3914536,43496656,19130194
C0632,Corporate,Male,India,North India,1963-05-23,Personal Use,Yes,Referral,1,3039770,22835664,14725994
C0633,Individual,Female,India,Asia Pacific,2001-12-12,Commercial,No,Real Estate Agent,2,2159268,22024352,22510511
C0634,Individual,Female,India,North India,2004-01-04,Personal Use,No,Advertisement,2,2994489,30457549,28794486
C0635,Individual,Female,India,West India,1995-09-23,Rental,No,Social Media,1,2420612,49823322,28441707
C0636,Individual,Female,India,Asia Pacific,1967-09-17,Investment,Yes,Advertisement,4,2224998,19811946,9901594
C0637,Individual,Male,Singapore,South India,1963-01-03,Personal Use,Yes,Real Estate Agent,1,4815741,10909378,25886791
C0638,Individual,Female,India,South India,2000-03-10,Personal Use,Yes,Social Media,2,932358,17030935,23456866
C0639,Individual,Male,India,North America,1964-10-03,Personal Use,No,Social Media,4,1275475,29968541,13317537
C0640,Individual,Female,India,Europe,1967-07-28,Investment,No,Referral,3,701065,48531527,8999557
C0641,Individual,Female,India,Middle East,1998-12-17,Personal Use,Yes,Advertisement,1,2503741,17349781,1675471
C0642,Individual,Female,Singapore,Europe,1991-04-22,Personal Use,Yes,Social Media,4,2430489,13873211,23858131
C0643,Individual,Female,India,Asia Pacific,1993-02-07,Rental,No,Real Estate Agent,4,3376579,14358729,23295671
C0644,Individual,Male,India,North India,1961-02-14,Personal Use,Yes,Referral,4,2533527,9537968,13166716
C0645,Individual,Male,UAE,Asia Pacific,1973-02-07,Investment,No,Social Media,1,2540237,38012892,2279182
C0646,Corporate,Female,India,North India,1984-10-30,Personal Use,Yes,Advertisement,3,3380631,28480999,6570893
C0647,Investor,Male,India,North India,1975-12-23,Investment,No,Referral,4,2294728,16371509,5395201
C0648,Investor,Male,India,Europe,1965-06-09,Rental,Yes,Advertisement,1,3431402,45575731,2594035
C0649,Investor,Female,USA,Middle East,1982-04-01,Personal Use,Yes,Advertisement,2,3836386,24286216,5167217
C0650,Individual,Female,Australia,North America,1984-10-31,Investment,No,Advertisement,1,595961,10754043,13704557
C0651,Individual,Male,UAE,Europe,1979-12-27,Commercial,No,Referral,1,4483028,5462571,27620593
C0652,Individual,Male,India,Middle East,2002-07-27,Personal Use,Yes,Social Media,1,4146050,10702389,25255520
C0653,Investor,Female,UAE,South India,1966-07-31,Investment,Yes,Online,4,4526030,2154969,29843507
C0654,Investor,Female,India,South India,1982-08-15,Personal Use,No,Social Media,1,3906260,12264264,29166145
C0655,Individual,Male,India,North India,1988-10-02,Investment,No,Referral,2,1904777,14471379,24770504
C0656,Individual,Male,India,West India,1978-05-07,Rental,No,Online,4,4497824,19127031,15072271
C0657,Individual,Male,India,Asia Pacific,1969-01-08,Rental,No,Online,2,2541997,13140067,7997674
C0658,Individual,Male,India,Asia Pacific,2002-12-13,Commercial,Yes,Online,5,4479162,26545973,22650618
C0659,Investor,Male,USA,North India,1995-04-02,Personal Use,Yes,Real Estate Agent,1,3799987,38521406,12339510
C0660,Investor,Female,Singapore,West India,1965-10-22,Personal Use,No,Referral,4,3829031,45125333,11834437
C0661,Individual,Female,India,Middle East,1969-10-22,Rental,No,Real Estate Agent,4,2985440,37142592,3307979
C0662,Corporate,Female,India,South India,1999-08-21,Investment,Yes,Online,1,3127162,24800900,5993570
C0663,Investor,Male,India,Asia Pacific,1986-11-21,Personal Use,Yes,Real Estate Agent,3,3782172,4109668,1059421
C0664,Individual,Female,India,Europe,1975-08-10,Personal Use,No,Real Estate Agent,3,3336036,17393445,16962731
C0665,Individual,Male,USA,West India,1979-10-20,Investment,Yes,Referral,2,2214099,25281810,27675709
C0666,Individual,Female,India,Middle East,1971-09-28,Personal Use,Yes,Advertisement,1,4283734,25671303,15748350
C0667,Individual,Female,UAE,South India,1962-12-21,Rental,Yes,Real Estate Agent,1,671984,41940521,18474102
C0668,Individual,Male,India,Europe,2003-07-05,Rental,No,Real Estate Agent,5,702912,2269343,16690120
C0669,Individual,Female,India,West India,2002-09-17,Investment,No,Online,3,1207359,8282060,16606387
C0670,Individual,Male,India,North India,1983-09-02,Investment,Yes,Online,3,2333630,29660451,20471189
C0671,Individual,Female,India,North India,1984-02-14,Investment,No,Online,1,3561057,9154410,16514341
C0672,Corporate,Male,India,North India,1984-03-03,Rental,No,Social Media,2,1464367,1167659,1881194
C0673,Individual,Male,UK,Asia Pacific,1973-05-06,Investment,Yes,Real Estate Agent,1,1839605,37965668,19602178
C0674,Individual,Female,India,Middle East,1997-09-10,Rental,No,Online,2,3166884,9902601,5939619
C0675,Individual,Male,USA,North India,1989-11-17,Investment,Yes,Referral,3,771698,14570270,23306266
C0676,Corporate,Female,India,Asia Pacific,2004-05-24,Personal Use,Yes,Social Media,5,2627588,14184215,12250921
C0677,Individual,Male,India,North America,1999-03-29,Investment,Yes,Advertisement,4,3795622,25255718,7905106
C0678,Individual,Female,India,Asia Pacific,1972-02-19,Rental,Yes,Real Estate Agent,3,2793666,23929736,29918332
C0679,Corporate,Female,UAE,South India,1979-11-22,Investment,Yes,Real Estate Agent,2,1499984,36599913,13763847
C0680,Corporate,Female,India,Asia Pacific,1976-09-16,Personal Use,No,Referral,1,1594882,28812609,15653543
C0681,Investor,Male,UAE,Middle East,1990-02-24,Investment,No,Advertisement,3,2794712,31913731,16435736
C0682,Individual,Male,India,Europe,2003-07-14,Rental,No,Advertisement,5,1521015,10118303,11923333
C0683,Individual,Male,UAE,Asia Pacific,1965-07-24,Rental,Yes,Social Media,2,942530,33433980,16121714
C0684,Investor,Male,India,North India,1983-04-29,Investment,Yes,Real Estate Agent,1,3202766,23174221,12565470
C0685,Corporate,Female,UK,South India,1984-08-10,Rental,Yes,Online,4,2314332,8072368,6176448
C0686,Investor,Female,USA,West India,1974-07-05,Personal Use,Yes,Referral,2,1221681,29280908,10221068
C0687,Investor,Female,Singapore,North India,1995-06-18,Investment,Yes,Referral,1,2335132,21576254,14049854
C0688,Individual,Female,India,South India,1968-06-21,Personal Use,No,Referral,4,3785375,41244119,6298164
C0689,Investor,Female,India,North America,1968-02-25,Investment,No,Referral,1,1271510,31636977,17865378
C0690,Individual,Female,India,West India,1975-09-04,Rental,Yes,Online,4,4260872,5071889,20520605
C0691,Individual,Male,UAE,North America,1963-06-22,Rental,Yes,Online,4,4991204,45353452,8471265
C0692,Individual,Female,India,Europe,2004-03-31,Investment,No,Social Media,4,4735807,26318847,20089410
C0693,Individual,Female,UAE,South India,2005-11-16,Personal Use,Yes,Real Estate Agent,1,751771,47366695,5393864
C0694,Individual,Female,India,North America,1980-11-08,Rental,No,Online,4,2587533,21735897,13105882
C0695,Individual,Male,India,Europe,2001-02-26,Commercial,No,Social Media,2,4946475,18093791,11914159
C0696,Investor,Male,India,South India,1995-05-31,Personal Use,No,Advertisement,5,3798369,31157291,6436311
C0697,Individual,Male,Australia,South India,1992-07-16,Commercial,Yes,Real Estate Agent,5,2159308,35228536,25324876
C0698,Investor,Female,USA,North America,1986-10-27,Personal Use,No,Online,4,1256798,4470966,17692690
C0699,Individual,Female,Australia,South India,1977-03-11,Investment,Yes,Advertisement,5,494176,17533495,25230426
C0700,Individual,Male,India,North India,1960-04-05,Rental,No,Social Media,5,735014,9275104,25368785
C0701,Individual,Female,USA,South India,2002-05-18,Personal Use,Yes,Online,4,4254015,19790707,3703028
C0702,Individual,Male,UK,Middle East,1979-03-23,Personal Use,Yes,Online,4,1195736,41374110,21533435
C0703,Individual,Male,India,Europe,2001-07-29,Personal Use,Yes,Advertisement,2,2252040,27291345,10076700
C0704,Individual,Male,UAE,South India,1976-01-25,Rental,Yes,Online,3,491291,6111179,19973803
C0705,Individual,Female,Australia,Middle East,1995-10-15,Rental,No,Referral,1,1299321,7912690,27314752
C0706,Corporate,Female,Singapore,South India,1982-01-06,Personal Use,No,Online,4,4135568,11057816,2582003
C0707,Individual,Male,UK,South India,2005-03-20,Investment,No,Real Estate Agent,4,2920022,34693676,25732359
C0708,Investor,Female,India,North America,1990-12-16,Personal Use,Yes,Advertisement,5,3584972,23571742,12562384
C0709,Individual,Male,India,North India,1979-12-17,Personal Use,No,Real Estate Agent,2,3944886,35276105,9777755
C0710,Investor,Female,Australia,Europe,2002-06-04,Investment,Yes,Social Media,5,2547849,47054945,10849107
C0711,Investor,Female,India,North India,1977-11-03,Rental,No,Real Estate Agent,4,4334853,3591090,10417877
C0712,Investor,Female,UK,West India,1985-07-29,Personal Use,No,Referral,4,1112111,1489922,21366470
C0713,Individual,Male,UK,North America,1992-01-15,Investment,Yes,Referral,5,3141186,41980461,27948552
C0714,Individual,Female,USA,North America,1962-03-18,Investment,No,Real Estate Agent,4,907099,5436134,1679568
C0715,Individual,Female,Australia,North India,1995-09-05,Investment,Yes,Social Media,3,2604924,18742314,6179226
C0716,Corporate,Male,India,Asia Pacific,2004-12-29,Commercial,Yes,Online,1,2615080,36861404,9063561
C0717,Investor,Female,India,North America,1991-03-19,Investment,Yes,Referral,1,1766825,43554517,6329567
C0718,Corporate,Male,India,North India,2005-01-03,Investment,Yes,Real Estate Agent,1,4791283,13146131,12464003
C0719,Individual,Female,India,North America,1970-01-12,Personal Use,No,Real Estate Agent,3,4228471,34496764,3041781
C0720,Investor,Male,India,South India,1962-01-13,Investment,Yes,Real Estate Agent,4,2520556,13559402,28510393
C0721,Corporate,Female,India,North India,1976-07-05,Investment,Yes,Online,5,1915675,37275120,3970150
C0722,Individual,Female,UAE,North India,2000-02-21,Investment,No,Advertisement,2,500965,14131804,2186150
C0723,Individual,Male,Australia,Middle East,2000-12-31,Personal Use,No,Social Media,4,4126348,38603177,7738599
C0724,Investor,Male,India,North America,1960-03-20,Personal Use,No,Advertisement,3,3716219,40810896,8530013
C0725,Investor,Male,India,North America,2000-07-18,Investment,No,Social Media,3,2337627,40975604,22223865
C0726,Investor,Male,Singapore,North India,1993-03-20,Personal Use,No,Social Media,1,4702573,40503521,6411319
C0727,Individual,Male,India,South India,1968-02-14,Commercial,Yes,Real Estate Agent,4,3357428,3259071,6787399
C0728,Investor,Female,India,South India,2002-07-13,Investment,Yes,Referral,1,2929610,21376869,9813007
C0729,Individual,Male,India,Europe,1970-03-17,Investment,Yes,Real Estate Agent,2,2606851,22506488,22351467
C0730,Individual,Male,USA,South India,1972-06-02,Investment,Yes,Online,1,2069090,21560740,26766542
C0731,Individual,Female,India,North America,2005-03-14,Personal Use,No,Social Media,2,2599433,17872835,16733095
C0732,Investor,Male,Australia,Asia Pacific,1975-12-01,Rental,Yes,Referral,3,900508,38803773,8229333
C0733,Investor,Female,India,Middle East,1962-08-05,Investment,No,Social Media,1,1511545,16304321,22401576
C0734,Individual,Female,India,North India,1994-05-27,Rental,Yes,Social Media,1,4106676,14742603,14224418
C0735,Individual,Female,India,West India,2003-05-19,Investment,Yes,Real Estate Agent,5,489244,11544674,27680725
C0736,Corporate,Female,India,Middle East,1961-08-17,Personal Use,Yes,Referral,3,3439382,44098871,13180724
C0737,Individual,Female,USA,Asia Pacific,2005-03-29,Rental,No,Referral,5,594068,36071303,27927678
C0738,Investor,Male,UAE,West India,1998-05-18,Investment,No,Social Media,2,1057739,48639956,21017295
C0739,Individual,Male,UAE,Middle East,1971-07-07,Personal Use,No,Referral,2,1675421,47343412,18981070
C0740,Individual,Male,USA,South India,1981-04-22,Investment,Yes,Referral,3,3001852,18330029,22794487
C0741,Individual,Female,Singapore,North America,1967-04-14,Rental,No,Real Estate Agent,2,1096480,44259708,18605539
C0742,Individual,Male,UAE,Asia Pacific,2003-11-04,Investment,Yes,Advertisement,3,1728529,14121698,18427891
C0743,Investor,Female,UAE,West India,1978-10-09,Rental,Yes,Online,2,2343419,13280206,8344286
C0744,Individual,Other,India,Asia Pacific,1976-09-02,Investment,No,Advertisement,4,2182414,30329990,8626991
C0745,Individual,Female,India,Middle East,1974-07-24,Rental,Yes,Referral,1,3726254,32333868,19299817
C0746,Corporate,Female,India,North America,2002-03-06,Investment,No,Social Media,4,2829365,11512005,15448057
C0747,Individual,Male,USA,Asia Pacific,1982-01-27,Rental,Yes,Online,3,3372703,25248558,14096252
C0748,Individual,Female,India,West India,1983-04-16,Investment,No,Online,3,2787117,10948949,3870116
C0749,Corporate,Female,India,North India,1991-11-25,Commercial,No,Social Media,4,1420576,37250746,9725354
C0750,Investor,Male,Singapore,Middle East,2003-01-25,Investment,Yes,Online,1,1085305,5498965,21648316
C0751,Individual,Male,Singapore,North India,1968-11-10,Investment,No,Social Media,1,3967354,7942362,12783372
C0752,Corporate,Female,Singapore,South India,1970-01-28,Personal Use,Yes,Online,5,856982,47737517,4524389
C0753,Investor,Female,India,North India,2002-02-12,Investment,No,Advertisement,2,4820266,47707982,19709007
C0754,Individual,Female,UK,North India,1990-12-07,Investment,Yes,Online,5,2897537,23883707,2960686
C0755,Individual,Female,India,Europe,1970-08-08,Commercial,Yes,Real Estate Agent,1,928118,39055893,12470282
C0756,Investor,Female,India,Middle East,1965-02-10,Commercial,Yes,Social Media,4,3470962,13622825,27717107
C0757,Investor,Female,India,South India,2003-04-25,Investment,Yes,Online,2,2321948,7373624,14747713
C0758,Individual,Male,India,North India,1970-09-25,Commercial,No,Social Media,4,1607405,35957832,24468827
C0759,Corporate,Male,India,North America,1975-08-03,Personal Use,Yes,Real Estate Agent,5,3609595,15626849,15445531
C0760,Investor,Male,UAE,West India,1989-12-22,Investment,Yes,Online,3,3186278,39768867,16622301
C0761,Individual,Female,India,North India,1983-02-25,Rental,Yes,Online,4,2267427,25474184,2417953
C0762,Individual,Female,UK,South India,1977-05-02,Personal Use,Yes,Real Estate Agent,5,1858038,3817422,7456779
C0763,Individual,Female,India,North India,1995-11-20,Commercial,No,Real Estate Agent,5,1473572,44670461,9856623
C0764,Investor,Male,India,West India,1985-12-29,Investment,No,Real Estate Agent,5,4907760,34604307,18184449
C0765,Individual,Female,India,South India,1997-12-05,Personal Use,Yes,Social Media,3,4204153,13394715,12550992
C0766,Investor,Female,India,Middle East,1985-09-12,Investment,No,Real Estate Agent,3,1721187,17604920,9559405
C0767,Investor,Female,USA,South India,1982-04-06,Investment,No,Social Media,3,1690028,39176842,18407739
C0768,Corporate,Female,India,Middle East,1992-04-18,Investment,Yes,Advertisement,2,716096,9844905,15696719
C0769,Individual,Male,India,South India,1963-03-04,Commercial,No,Online,3,3472721,20427463,25537988
C0770,Investor,Female,India,Asia Pacific,1960-03-09,Rental,Yes,Online,3,3055609,13367945,6591209
C0771,Individual,Male,India,West India,1970-03-06,Rental,No,Referral,3,3562557,2117201,13075664
C0772,Investor,Male,Singapore,West India,2001-08-31,Personal Use,No,Advertisement,4,2501674,47020514,23163020
C0773,Individual,Female,India,South India,1990-08-31,Investment,Yes,Real Estate Agent,3,2320695,9707069,23844303
C0774,Individual,Female,UK,Asia Pacific,2003-05-30,Investment,No,Real Estate Agent,2,1877111,37084778,20762472
C0775,Investor,Female,USA,North India,1985-08-18,Investment,No,Advertisement,5,3928206,40075889,14668931
C0776,Individual,Female,Australia,West India,2002-12-18,Investment,Yes,Real Estate Agent,4,4489775,33539138,10210583
C0777,Individual,Female,UAE,Middle East,1991-07-23,Rental,No,Referral,1,2615728,2649383,9533756
C0778,Investor,Female,USA,Middle East,1987-12-12,Personal Use,Yes,Social Media,3,4042064,14347546,20293851
C0779,Investor,Female,USA,North America,1985-04-10,Investment,No,Online,5,3401003,17558650,15567804
C0780,Investor,Male,Singapore,Europe,2001-03-29,Investment,No,Advertisement,5,1516741,3227995,29226073
C0781,Investor,Male,India,Asia Pacific,1972-12-06,Investment,Yes,Online,4,3979399,1632621,28361807
C0782,Individual,Male,India,Europe,1971-07-15,Personal Use,Yes,Social Media,1,2527868,3036287,28846646
C0783,Individual,Male,India,Europe,1969-06-28,Commercial,No,Advertisement,2,2035039,9543813,1452602
C0784,Individual,Male,UAE,Middle East,1994-01-31,Personal Use,Yes,Social Media,5,418179,18300782,5963518
C0785,Individual,Male,UAE,North America,1967-07-10,Rental,Yes,Real Estate Agent,5,3834091,49809101,6276902
C0786,Corporate,Male,India,Europe,1994-02-05,Personal Use,Yes,Real Estate Agent,5,2600305,25225993,2898901
C0787,Investor,Female,USA,Europe,1994-06-18,Investment,Yes,Real Estate Agent,5,1923155,16270302,1672685
C0788,Individual,Male,India,South India,2004-11-08,Investment,Yes,Social Media,4,3524249,42663221,11180233
C0789,Individual,Female,India,South India,1966-01-12,Rental,Yes,Social Media,1,4079512,15271568,12983017
C0790,Corporate,Male,Australia,South India,1997-05-01,Rental,Yes,Social Media,5,2192803,43136114,6307290
C0791,Individual,Female,India,North India,1963-02-18,Investment,No,Online,2,2143174,41815900,27536129
C0792,Investor,Male,India,Europe,1993-06-09,Personal Use,Yes,Social Media,2,3806009,41339824,19485881
C0793,Individual,Male,USA,North India,1963-04-02,Personal Use,Yes,Real Estate Agent,3,3867758,41539627,16213686
C0794,Investor,Female,UK,North America,1968-07-30,Personal Use,Yes,Referral,5,3901939,38611406,8925288
C0795,Individual,Male,India,Asia Pacific,1969-05-04,Commercial,No,Social Media,5,707633,23559615,23652124
C0796,Corporate,Male,USA,Middle East,1964-08-16,Personal Use,Yes,Referral,5,543492,40362763,11036804
C0797,Corporate,Male,India,Europe,1972-01-25,Personal Use,Yes,Real Estate Agent,5,3288899,16629244,9902887
C0798,Investor,Male,India,Middle East,1966-08-20,Investment,Yes,Social Media,5,625648,29137000,1199444
C0799,Investor,Male,India,Asia Pacific,1978-06-03,Investment,No,Online,2,2988279,3465860,24761830
C0800,Corporate,Male,USA,South India,1962-09-03,Investment,No,Online,1,1152648,22974507,11338406
C0801,Investor,Female,India,Europe,1995-01-18,Investment,No,Referral,1,4453235,4725551,7337896
C0802,Individual,Female,Australia,West India,1988-11-17,Rental,No,Online,3,1944718,2421672,17886242
C0803,Investor,Female,UAE,North India,1960-04-28,Rental,No,Online,2,797348,47097848,18483309
C0804,Investor,Male,Australia,North India,1964-03-22,Investment,Yes,Online,5,898515,32634462,23252144
C0805,Individual,Female,India,Europe,1962-08-30,Rental,No,Real Estate Agent,1,2458591,19528130,6207249
C0806,Investor,Male,Australia,Asia Pacific,1962-07-04,Investment,Yes,Online,4,4400366,2776305,15574475
C0807,Corporate,Male,India,South India,1978-02-16,Investment,No,Advertisement,4,426296,11883728,26818933
C0808,Corporate,Female,India,North India,1999-10-13,Investment,No,Social Media,4,3097017,31957499,16943949
C0809,Individual,Male,India,South India,1980-02-19,Investment,Yes,Online,5,3227102,40445825,15729785
C0810,Individual,Male,India,North America,1997-09-04,Investment,Yes,Online,5,2050037,4056151,26588633
C0811,Corporate,Female,UK,Middle East,1972-07-27,Personal Use,Yes,Online,3,499074,16012767,22515131
C0812,Investor,Female,India,Asia Pacific,1983-03-05,Personal Use,No,Advertisement,3,923136,4356641,25855756
C0813,Individual,Female,India,West India,1994-05-12,Commercial,No,Online,3,3178550,46742184,5947565
C0814,Corporate,Female,USA,Middle East,1999-04-17,Investment,No,Online,4,3058062,38109522,548648
C0815,Corporate,Other,India,Middle East,1971-09-30,Investment,Yes,Social Media,5,2417364,39520129,11179922
C0816,Individual,Male,USA,North America,1977-08-25,Investment,No,Advertisement,4,3339961,33757618,12262329
C0817,Investor,Male,India,North India,1996-10-10,Personal Use,No,Advertisement,3,4677214,46177335,23086497
C0818,Individual,Male,UAE,West India,1964-03-02,Investment,No,Online,5,1629510,6587874,16475242
C0819,Individual,Male,UAE,North India,1961-07-15,Rental,Yes,Advertisement,2,1431810,23964932,9778544
C0820,Individual,Male,India,Europe,1969-09-10,Personal Use,Yes,Referral,1,554525,25201114,25271967
C0821,Investor,Female,India,Middle East,1993-10-02,Personal Use,No,Advertisement,1,4009337,44708247,23558209
C0822,Individual,Female,India,Europe,1964-01-19,Personal Use,No,Advertisement,3,3299896,20741701,13378118
C0823,Individual,Female,UAE,South India,1978-04-13,Investment,No,Advertisement,4,3285020,4647981,19708145
C0824,Individual,Male,India,Middle East,1984-03-23,Investment,Yes,Real Estate Agent,2,1041075,16345532,19348012
C0825,Individual,Female,India,North India,1994-12-14,Investment,Yes,Real Estate Agent,5,4160501,34071024,2114468
C0826,Corporate,Female,India,Middle East,1997-01-06,Personal Use,No,Real Estate Agent,4,2439309,18546896,16469841
C0827,Individual,Female,India,South India,1992-09-12,Investment,Yes,Advertisement,3,3543197,4183965,29892249
C0828,Individual,Male,India,North America,1988-03-06,Investment,No,Referral,4,432646,5384679,13000343
C0829,Investor,Female,UAE,Europe,1987-08-03,Commercial,Yes,Advertisement,3,1524702,1065197,3246455
C0830,Individual,Male,India,Europe,2003-11-08,Investment,Yes,Online,1,4187938,40033798,25081743
C0831,Individual,Male,India,North India,1983-09-12,Rental,No,Referral,1,1703793,17065477,8642958
C0832,Individual,Male,UAE,Middle East,1984-06-28,Rental,No,Real Estate Agent,4,784382,17364483,9913191
C0833,Individual,Female,UAE,North India,1984-01-09,Investment,Yes,Social Media,2,992947,6715278,23219641
C0834,Individual,Female,India,North America,1966-01-14,Investment,Yes,Referral,5,1083098,6534048,16631534
C0835,Individual,Male,India,Middle East,1993-10-16,Investment,No,Real Estate Agent,3,4604183,6706419,26713944
C0836,Individual,Male,India,Middle East,1971-01-10,Personal Use,Yes,Referral,5,4730919,22781154,14300192
C0837,Corporate,Male,Australia,North India,2004-09-13,Personal Use,No,Referral,1,1036572,33363126,3691963
C0838,Individual,Male,India,North India,1979-09-06,Rental,Yes,Advertisement,2,2676148,35654532,18458512
C0839,Investor,Male,Australia,South India,1967-09-09,Commercial,No,Online,2,2843413,2747844,22863453
C0840,Investor,Male,UK,Asia Pacific,1997-12-03,Personal Use,No,Social Media,5,1354183,39151312,11493198
C0841,Individual,Female,India,Asia Pacific,2002-01-14,Investment,No,Real Estate Agent,1,4804494,48724828,19855885
C0842,Investor,Male,India,North America,2001-03-24,Investment,Yes,Referral,5,883843,44901319,4369005
C0843,Individual,Male,India,Asia Pacific,2000-01-11,Rental,No,Social Media,4,1149130,18060608,28303753
C0844,Corporate,Male,India,South India,1970-09-18,Investment,Yes,Referral,2,3408297,44430684,17092353
C0845,Individual,Female,India,Europe,1965-12-07,Investment,Yes,Online,2,1378062,49035762,16598974
C0846,Individual,Female,USA,Middle East,1965-11-14,Rental,No,Social Media,4,3839540,8606436,7178213
C0847,Individual,Female,Australia,North India,1965-12-07,Personal Use,No,Real Estate Agent,1,1583759,17786228,19800733
C0848,Corporate,Male,USA,Middle East,1986-09-13,Commercial,No,Referral,2,1866478,48232947,11930576
C0849,Individual,Female,UK,Middle East,1985-08-25,Personal Use,Yes,Online,3,2700775,26511762,20853284
C0850,Investor,Male,India,West India,1969-10-15,Investment,Yes,Social Media,3,3562218,12297291,27764292
C0851,Individual,Female,India,Europe,2005-04-17,Commercial,Yes,Referral,1,828410,38588019,18265710
C0852,Investor,Female,India,West India,1979-10-31,Investment,No,Referral,4,4477729,10403024,25725870
C0853,Individual,Female,USA,Asia Pacific,1995-05-23,Investment,No,Real Estate Agent,5,1174426,23924414,3462227
C0854,Corporate,Female,Australia,Middle East,1962-11-21,Personal Use,Yes,Online,1,2943884,46013930,11972874
C0855,Individual,Female,USA,North India,2005-10-08,Investment,No,Advertisement,5,3138659,37354320,4649956
C0856,Individual,Male,India,Middle East,1984-11-13,Personal Use,Yes,Referral,1,1486706,9291514,25385723
C0857,Individual,Female,India,Europe,1963-09-24,Investment,Yes,Social Media,3,1216386,16737858,2712746
C0858,Individual,Male,USA,West India,1962-07-14,Personal Use,Yes,Real Estate Agent,4,4484884,29595484,14106341
C0859,Investor,Female,India,North India,2004-09-07,Investment,Yes,Real Estate Agent,3,2642402,35623509,26174390
C0860,Individual,Male,UAE,Middle East,1989-06-26,Rental,Yes,Referral,4,582235,5927653,3275614
C0861,Investor,Male,UAE,North America,1970-11-24,Rental,No,Referral,5,3429407,27342876,2333601
C0862,Individual,Male,USA,Europe,1979-11-17,Investment,Yes,Referral,1,4529193,47838193,22634526
C0863,Individual,Male,India,Europe,2004-03-21,Investment,No,Advertisement,2,987453,28486965,20810870
C0864,Individual,Female,India,North America,1989-01-05,Investment,Yes,Referral,2,4999000,11974020,11935221
C0865,Individual,Female,India,Middle East,1963-11-20,Investment,No,Online,4,4266527,21358813,3003240
C0866,Investor,Male,India,Europe,1990-04-20,Rental,No,Social Media,4,3257045,14803510,9462990
C0867,Individual,Male,India,North India,1960-02-29,Rental,No,Referral,3,3088215,20071351,29456943
C0868,Individual,Female,UK,Middle East,1966-11-29,Investment,Yes,Advertisement,2,4994086,36158745,5347418
C0869,Corporate,Male,USA,Middle East,1964-04-27,Investment,No,Social Media,3,4941759,49585973,12971533
C0870,Corporate,Female,India,West India,1994-06-29,Investment,No,Real Estate Agent,5,1944309,29594478,16016974
C0871,Individual,Female,India,Europe,1999-10-10,Personal Use,Yes,Referral,2,2026013,13020116,18030739
C0872,Individual,Female,India,Europe,2003-12-08,Investment,Yes,Social Media,5,1861215,48992595,27806653
C0873,Investor,Female,India,North America,1961-12-08,Commercial,Yes,Real Estate Agent,1,4568094,1509590,21400460
C0874,Individual,Male,UAE,West India,1974-06-13,Rental,No,Advertisement,3,2063574,2602243,29739816
C0875,Individual,Female,India,Asia Pacific,1964-11-15,Investment,Yes,Online,4,4686503,12572116,8375904
C0876,Individual,Male,India,West India,1997-10-24,Personal Use,Yes,Referral,2,3710752,10171342,7055706
C0877,Investor,Male,India,Europe,1995-12-28,Commercial,Yes,Online,3,3048766,17535056,3004037
C0878,Investor,Female,Singapore,Middle East,2000-02-22,Personal Use,Yes,Advertisement,4,3576867,22495858,19887071
C0879,Individual,Male,USA,West India,1992-02-13,Investment,No,Social Media,1,1117463,33381374,9962407
C0880,Individual,Female,India,North America,1984-02-04,Investment,Yes,Social Media,2,1640505,36404602,11439642
C0881,Individual,Female,India,West India,2005-09-13,Rental,No,Advertisement,5,1784358,8651922,25439386
C0882,Investor,Female,UK,North America,1974-11-22,Personal Use,No,Advertisement,1,3526829,16348529,8294833
C0883,Individual,Female,Australia,Asia Pacific,1971-10-17,Personal Use,Yes,Referral,4,4929100,24498529,3017850
C0884,Individual,Male,India,West India,1966-06-22,Rental,No,Real Estate Agent,2,3803734,36138924,28609777
C0885,Investor,Male,Singapore,North America,2005-05-12,Rental,Yes,Online,2,3877915,11658864,3286655
C0886,Individual,Female,Australia,West India,1974-07-30,Commercial,No,Online,1,2118671,27672645,15966041
C0887,Investor,Male,Singapore,Asia Pacific,1975-01-05,Investment,Yes,Social Media,2,1792775,45340852,10092496
C0888,Individual,Female,USA,West India,1960-09-02,Personal Use,No,Social Media,4,2957929,30709429,25937983
C0889,Individual,Female,USA,North India,1983-01-30,Rental,Yes,Referral,1,3976566,10831876,11854356
C0890,Individual,Female,India,North America,1982-05-28,Rental,Yes,Advertisement,5,2797431,30479686,13014863
C0891,Investor,Male,UAE,Asia Pacific,1976-03-21,Personal Use,No,Online,1,4729149,32760224,2648652
C0892,Corporate,Male,India,North America,1998-01-22,Investment,Yes,Referral,1,1473532,30920204,5544661
C0893,Investor,Male,UK,North America,1970-09-12,Rental,No,Social Media,5,4584572,49522880,22873219
C0894,Individual,Male,India,South India,1960-10-03,Rental,Yes,Social Media,4,2250827,43447244,8722819
C0895,Investor,Female,UK,Asia Pacific,1973-12-19,Investment,No,Online,3,4857976,29818458,12770292
C0896,Individual,Male,UAE,West India,1999-10-20,Personal Use,Yes,Social Media,3,2887077,10239238,4918349
C0897,Individual,Male,India,North America,1994-03-24,Investment,No,Social Media,5,2583643,43217273,11690751
C0898,Corporate,Male,UAE,Europe,1972-08-08,Investment,Yes,Real Estate Agent,4,601657,38925984,26659518
C0899,Individual,Female,India,South India,2004-09-21,Investment,Yes,Advertisement,2,1547728,48980519,2267588
C0900,Individual,Female,UAE,North India,1996-08-25,Personal Use,Yes,Social Media,5,1196551,20739152,13265071
C0901,Individual,Male,India,North America,1971-02-05,Personal Use,No,Real Estate Agent,3,3883765,38638828,9099469
C0902,Individual,Male,India,North America,1976-08-17,Personal Use,Yes,Referral,4,3561895,43291149,3438493
C0903,Individual,Male,Singapore,South India,2005-03-30,Personal Use,No,Social Media,1,3656510,26553508,27512397
C0904,Investor,Male,India,West India,1988-11-30,Rental,No,Referral,4,3535210,20692215,4984045
C0905,Individual,Female,UAE,Europe,1994-11-26,Investment,Yes,Social Media,4,530775,10904053,25890200
C0906,Corporate,Female,India,North India,1980-01-09,Investment,No,Online,3,3580617,12606231,18915703
C0907,Investor,Male,India,North America,1975-08-24,Rental,Yes,Real Estate Agent,3,2804974,24935004,15582712
C0908,Individual,Male,India,West India,2005-12-13,Investment,Yes,Real Estate Agent,2,626406,48943781,24691548
C0909,Individual,Other,USA,Asia Pacific,1986-01-30,Commercial,No,Online,2,4130278,18884442,16745549
C0910,Individual,Male,India,Europe,1997-03-09,Rental,No,Advertisement,5,4730057,13510821,15114706
C0911,Investor,Female,India,Asia Pacific,1989-08-11,Personal Use,No,Real Estate Agent,1,3101731,2516660,1378269
C0912,Individual,Male,India,Europe,1997-09-03,Commercial,Yes,Referral,2,3087448,27215015,549314
C0913,Investor,Female,India,North India,1977-02-15,Investment,Yes,Real Estate Agent,3,4317563,10089580,14101360
C0914,Individual,Male,Australia,Middle East,2005-07-05,Investment,Yes,Advertisement,4,4823793,30358934,23086349
C0915,Investor,Female,Australia,Europe,1968-10-20,Personal Use,No,Referral,5,1855482,4917342,13966793
C0916,Individual,Female,India,Middle East,1980-08-24,Investment,Yes,Referral,2,1212344,26688739,27454028
C0917,Individual,Male,UK,Asia Pacific,1969-12-26,Commercial,No,Online,4,2145234,38004240,12364437
C0918,Corporate,Male,India,Europe,1986-11-08,Investment,Yes,Social Media,4,1860461,32093436,14568419
C0919,Investor,Male,UK,North India,1969-12-31,Personal Use,Yes,Online,2,4431660,11855716,12218858
C0920,Individual,Male,UAE,South India,1998-05-29,Personal Use,Yes,Social Media,1,2073820,32787299,8033006
C0921,Corporate,Male,Australia,North India,1997-10-16,Personal Use,Yes,Online,1,4788803,29917622,1929911
C0922,Individual,Male,India,North India,1977-04-08,Investment,Yes,Social Media,5,4975454,48247620,17606113
C0923,Corporate,Female,UAE,South India,1964-03-15,Investment,No,Real Estate Agent,1,2770128,36675342,2894538
C0924,Investor,Male,India,South India,2000-11-18,Rental,No,Referral,5,3420041,5938291,28943553
C0925,Individual,Male,Australia,West India,2003-02-13,Investment,Yes,Social Media,3,4034842,22866544,17645622
C0926,Individual,Female,India,Europe,1983-11-23,Rental,Yes,Real Estate Agent,2,3691508,34754505,12288604
C0927,Individual,Male,USA,Asia Pacific,1989-08-30,Personal Use,Yes,Advertisement,4,4412267,27728309,11871998
C0928,Individual,Female,USA,West India,1985-03-23,Rental,No,Online,5,2824724,20843295,2958020
C0929,Investor,Male,UK,South India,2002-04-07,Rental,Yes,Advertisement,1,3556730,18851414,2086444
C0930,Individual,Female,India,Middle East,1963-11-04,Investment,No,Real Estate Agent,5,1339944,45549103,23551744
C0931,Individual,Female,Australia,Asia Pacific,1980-07-20,Personal Use,Yes,Advertisement,5,4399661,18308304,4274150
C0932,Investor,Female,India,Middle East,1980-10-13,Rental,Yes,Advertisement,1,2529708,44761773,5576703
C0933,Corporate,Other,USA,North India,1995-08-01,Personal Use,No,Real Estate Agent,1,3089403,8899859,24375846
C0934,Individual,Male,India,North America,1973-11-08,Commercial,Yes,Referral,2,3505381,47370603,27780809
C0935,Individual,Female,India,North India,2001-03-28,Personal Use,No,Social Media,4,621746,49892456,21043653
C0936,Individual,Male,India,North India,1964-05-21,Investment,Yes,Online,2,2503715,36212459,3192787
C0937,Individual,Male,India,North America,1996-11-19,Investment,Yes,Social Media,2,4805299,25364013,18399947
C0938,Corporate,Male,India,Europe,1966-01-05,Commercial,Yes,Online,1,3036594,36355349,28639199
C0939,Individual,Female,India,South India,1990-05-14,Investment,No,Social Media,1,4094210,34833265,5440172
C0940,Investor,Male,India,Middle East,2001-03-06,Rental,No,Advertisement,4,3699248,3135621,15586807
C0941,Individual,Female,UAE,North India,2005-02-27,Rental,Yes,Referral,5,822618,29800707,25068603
C0942,Investor,Female,Singapore,North America,2003-11-07,Investment,No,Advertisement,2,2763648,6899198,9003135
C0943,Investor,Female,India,West India,1976-06-28,Investment,Yes,Referral,4,662328,29566457,23798154
C0944,Investor,Female,India,North India,1970-08-03,Rental,Yes,Real Estate Agent,2,1725039,38475478,3322097
C0945,Individual,Male,India,Middle East,1986-03-14,Investment,Yes,Online,5,551521,40820715,15378575
C0946,Individual,Male,India,South India,1980-12-02,Rental,Yes,Online,2,4912781,8137900,19889921
C0947,Individual,Male,USA,North India,1973-09-13,Personal Use,Yes,Real Estate Agent,3,2276213,2530732,29323026
C0948,Corporate,Male,USA,North India,1987-04-12,Personal Use,No,Social Media,4,4590198,49416350,24923653
C0949,Corporate,Male,India,Europe,1997-10-09,Rental,Yes,Real Estate Agent,1,3031866,9857343,1226272
C0950,Investor,Male,India,North America,1982-06-18,Investment,Yes,Real Estate Agent,2,2946946,16960619,25010506
C0951,Investor,Male,India,West India,1979-05-18,Personal Use,Yes,Referral,4,4259297,42871283,23067153
C0952,Investor,Female,UAE,West India,1994-04-18,Investment,No,Real Estate Agent,4,4711079,2597506,22980425
C0953,Individual,Female,Australia,Asia Pacific,1968-12-05,Investment,No,Online,2,1423612,44332763,19583358
C0954,Corporate,Male,India,South India,1996-09-05,Personal Use,Yes,Advertisement,1,1166913,3621645,7862481
C0955,Individual,Female,India,Asia Pacific,1969-04-13,Rental,Yes,Referral,1,1552417,43822417,26612187
C0956,Individual,Male,Singapore,Middle East,2001-11-20,Investment,Yes,Referral,2,2418265,29323994,639648
C0957,Individual,Male,Singapore,South India,1965-03-17,Personal Use,Yes,Social Media,4,2876040,21801202,9327698
C0958,Individual,Female,India,North India,2005-10-03,Personal Use,Yes,Advertisement,1,2708445,23767100,18796207
C0959,Individual,Female,India,North India,1986-05-15,Investment,Yes,Referral,2,4603028,22894715,12332825
C0960,Investor,Male,India,West India,2002-08-10,Investment,Yes,Real Estate Agent,2,1846876,32496189,16346566
C0961,Individual,Other,USA,Middle East,1997-01-26,Commercial,Yes,Referral,2,2138746,45026953,29581358
C0962,Investor,Female,India,North America,1970-07-13,Rental,Yes,Referral,4,4585880,24350320,25605532
C0963,Individual,Female,India,Middle East,1993-11-02,Personal Use,No,Referral,1,1268729,40254798,5081024
C0964,Individual,Female,USA,North India,2005-06-21,Personal Use,No,Social Media,4,1311531,6338578,22489462
C0965,Individual,Female,India,North America,1966-11-25,Investment,No,Referral,3,3624600,9100424,1355860
C0966,Individual,Male,UAE,Middle East,1982-01-29,Personal Use,Yes,Referral,1,2386952,11412739,5442312
C0967,Investor,Male,India,Middle East,1978-04-19,Personal Use,Yes,Social Media,4,3493606,39705038,4698625
C0968,Individual,Male,India,North America,1968-07-14,Personal Use,Yes,Advertisement,1,1677752,22676210,5486512
C0969,Investor,Male,USA,North India,2002-09-21,Investment,No,Online,3,2252175,16770356,3623544
C0970,Individual,Female,India,Middle East,1994-06-09,Investment,Yes,Social Media,5,2584996,25322944,7069719
C0971,Investor,Male,Australia,North America,1966-03-01,Investment,No,Social Media,2,3269579,39955828,4331657
C0972,Corporate,Female,India,Europe,1996-12-30,Commercial,No,Referral,4,1578393,42836702,25137957
C0973,Investor,Female,India,Europe,1972-10-05,Personal Use,Yes,Referral,3,1919123,25814353,6921534
C0974,Individual,Female,UK,North India,1998-08-12,Personal Use,No,Online,3,458326,28297547,3291108
C0975,Individual,Female,India,North America,1977-07-31,Investment,Yes,Referral,1,4147686,5417327,17592327
C0976,Individual,Female,Singapore,Europe,1973-06-26,Investment,Yes,Real Estate Agent,1,923292,33390173,28451399
C0977,Investor,Male,India,North America,1993-05-29,Rental,Yes,Referral,2,1621650,28094112,15147709
C0978,Individual,Female,India,Middle East,1967-03-31,Personal Use,Yes,Referral,1,424022,24808250,4585572
C0979,Individual,Male,India,North India,1971-10-19,Personal Use,No,Real Estate Agent,4,4678762,20443694,21285099
C0980,Investor,Female,India,Europe,1994-09-06,Investment,Yes,Online,4,548317,8937115,14317990
C0981,Individual,Male,UAE,Asia Pacific,1980-01-06,Rental,Yes,Real Estate Agent,4,4153812,8123056,25778444
C0982,Investor,Female,UAE,Middle East,2000-12-23,Investment,No,Social Media,5,4997547,12602026,25017132
C0983,Individual,Female,India,Asia Pacific,1985-04-18,Investment,No,Real Estate Agent,4,796742,27157630,7848227
C0984,Individual,Male,India,Asia Pacific,1979-05-29,Personal Use,Yes,Advertisement,1,1755081,48037829,14082513
C0985,Investor,Male,UAE,South India,1995-02-08,Investment,No,Social Media,1,4530390,21458462,11764745
C0986,Individual,Other,Australia,South India,1970-06-18,Investment,No,Referral,4,3575261,14452645,29438498
C0987,Investor,Female,India,North India,1963-12-07,Personal Use,Yes,Social Media,3,1588347,15817038,26772395
C0988,Individual,Female,India,Europe,1995-04-24,Personal Use,Yes,Online,3,3232003,44844806,25795936
C0989,Individual,Female,India,Europe,1981-02-18,Rental,Yes,Online,3,3148881,34916381,19068986
C0990,Investor,Male,Singapore,Europe,1967-08-26,Personal Use,No,Real Estate Agent,2,1435670,32297169,23606922
C0991,Investor,Male,India,North America,1991-07-25,Investment,No,Social Media,5,500960,27291093,1282129
C0992,Investor,Male,India,Middle East,1987-08-09,Investment,No,Referral,4,3831267,42803324,9822188
C0993,Individual,Female,UAE,Europe,1995-08-23,Commercial,Yes,Online,2,1552738,29855415,25374183
C0994,Investor,Male,India,Middle East,2002-09-01,Personal Use,Yes,Referral,3,1579280,17442940,27425599
C0995,Individual,Female,India,North India,1986-12-20,Rental,Yes,Advertisement,4,877965,20176756,8691187
C0996,Individual,Female,India,Asia Pacific,1983-02-24,Investment,Yes,Online,2,2573089,44268722,7359186
C0997,Corporate,Female,India,Europe,1990-08-15,Personal Use,No,Real Estate Agent,1,3151087,25898087,18855472
C0998,Individual,Female,India,North India,1996-02-28,Investment,No,Advertisement,3,4987192,41208727,8348225
C0999,Corporate,Other,India,Europe,1960-06-09,Personal Use,Yes,Social Media,2,2160352,41093831,18842690
C1000,Individual,Male,India,South India,1983-01-18,Commercial,Yes,Referral,1,806497,48937500,14813954
C1001,Individual,Female,USA,West India,1979-05-22,Commercial,Yes,Online,3,4853492,30339434,20896005
C1002,Individual,Female,UAE,North India,1972-01-30,Personal Use,Yes,Advertisement,5,3791068,1077332,25690633
C1003,Corporate,Female,UAE,Europe,1987-09-10,Personal Use,Yes,Advertisement,3,2529700,30253506,24732343
C1004,Investor,Female,India,West India,1976-02-14,Commercial,Yes,Online,5,4088387,3066462,15836117
C1005,Investor,Male,India,North India,1970-03-07,Personal Use,Yes,Social Media,5,1411403,39457590,1123761
C1006,Investor,Male,India,North America,1989-01-22,Investment,Yes,Social Media,5,4819035,16593882,13011661
C1007,Investor,Female,India,Europe,1983-02-12,Personal Use,Yes,Real Estate Agent,4,1846846,42201645,19841743
C1008,Investor,Male,India,North America,2001-08-16,Investment,Yes,Social Media,4,500020,31011464,25116550
C1009,Individual,Female,UK,South India,2004-10-25,Personal Use,No,Real Estate Agent,5,4661150,43729400,16734016
C1010,Individual,Female,India,Europe,1979-12-01,Personal Use,Yes,Advertisement,1,842985,23435115,29854480
C1011,Individual,Male,India,Asia Pacific,2003-02-23,Personal Use,No,Online,5,3837184,49696618,26264822
C1012,Corporate,Female,India,South India,2001-05-09,Investment,Yes,Social Media,2,1938309,29706676,15977848
C1013,Corporate,Male,UK,West India,1983-08-21,Investment,Yes,Real Estate Agent,5,4970634,5362451,28994820
C1014,Individual,Female,India,North India,1982-06-06,Personal Use,Yes,Advertisement,4,2906214,44187275,28864628
C1015,Investor,Female,USA,Middle East,1977-10-19,Rental,Yes,Social Media,4,967476,26144353,25951322
C1016,Corporate,Female,India,South India,1975-08-29,Personal Use,No,Referral,2,3054676,10159153,22130192
C1017,Individual,Male,Singapore,Middle East,1985-10-08,Investment,Yes,Advertisement,2,969364,23089219,3953705
C1018,Investor,Male,Singapore,Middle East,2003-09-15,Commercial,No,Social Media,3,2807698,7780231,6271486
C1019,Corporate,Female,India,North India,1962-05-05,Commercial,No,Advertisement,1,4757452,30536353,12670987
C1020,Individual,Female,India,West India,1962-10-14,Investment,Yes,Online,1,2053201,32066477,2959288
C1021,Investor,Female,India,North India,1974-06-15,Investment,Yes,Online,1,515827,27201816,17081075
C1022,Individual,Male,India,Europe,1988-07-04,Rental,No,Online,4,690714,18979419,6949720
C1023,Corporate,Male,UK,South India,1981-02-11,Rental,Yes,Referral,1,4682299,42298632,19220065
C1024,Corporate,Male,UAE,Middle East,2003-04-22,Commercial,No,Online,3,2537810,20598721,1649302
C1025,Corporate,Female,UK,North India,1978-02-19,Rental,Yes,Referral,3,3928512,41313104,6880655
C1026,Individual,Male,UAE,North India,2005-05-23,Personal Use,Yes,Online,1,2817490,26025337,17242926
C1027,Corporate,Male,India,North India,2001-06-05,Personal Use,Yes,Advertisement,2,1647155,12601022,2978491
C1028,Investor,Female,India,South India,1972-11-07,Investment,Yes,Social Media,3,2943440,9945160,18307628
C1029,Individual,Male,UK,West India,1998-06-17,Investment,No,Social Media,2,1100948,5635073,17445777
C1030,Investor,Other,India,Asia Pacific,1972-09-25,Personal Use,Yes,Online,4,468582,3282583,20674075
C1031,Individual,Female,UK,North India,1994-11-04,Personal Use,No,Social Media,3,837734,1896317,14501139
C1032,Investor,Female,India,South India,1990-12-08,Personal Use,Yes,Online,2,4738079,11190866,15089301
C1033,Individual,Male,India,Middle East,1974-04-04,Rental,Yes,Online,1,2022320,27355280,10831789
C1034,Individual,Male,Australia,Europe,1989-11-01,Investment,Yes,Real Estate Agent,4,979779,16780970,5246865
C1035,Individual,Female,India,Asia Pacific,1967-08-24,Personal Use,Yes,Real Estate Agent,5,2862508,9689097,16931553
C1036,Investor,Female,Australia,North America,1961-02-24,Investment,Yes,Real Estate Agent,5,2212867,23482929,5248065
C1037,Individual,Female,Australia,Asia Pacific,1967-10-11,Personal Use,Yes,Referral,1,2827636,48749430,17862914
C1038,Investor,Male,UAE,Asia Pacific,1996-10-15,Rental,No,Real Estate Agent,4,3686976,42689829,29853828
C1039,Individual,Female,USA,South India,1980-11-30,Personal Use,Yes,Online,4,4991456,12340399,16881464
C1040,Individual,Female,USA,North America,1973-08-15,Commercial,Yes,Advertisement,4,4101190,1174811,5101199
C1041,Individual,Female,Singapore,North India,2002-07-14,Investment,No,Real Estate Agent,4,1793352,15858874,21826645
C1042,Investor,Female,India,North India,1973-11-09,Personal Use,No,Real Estate Agent,5,750912,16571187,23613982
C1043,Individual,Female,India,Asia Pacific,1965-02-01,Investment,Yes,Advertisement,2,2360783,41475313,21030638
C1044,Investor,Female,USA,South India,1997-06-13,Personal Use,Yes,Online,4,3047349,20759618,13274667
C1045,Corporate,Male,India,North America,1965-08-27,Rental,No,Referral,2,3160878,23643635,6117789
C1046,Investor,Female,India,North India,1999-05-27,Personal Use,No,Real Estate Agent,4,4255425,48098249,27002536
C1047,Individual,Male,India,Middle East,1996-07-16,Rental,Yes,Advertisement,3,4331500,45710932,9966617
C1048,Individual,Male,USA,West India,2001-09-19,Investment,Yes,Online,3,1168278,49514852,23332461
C1049,Corporate,Male,Singapore,West India,1978-07-18,Rental,No,Social Media,3,2428277,40087630,22434044
C1050,Individual,Male,India,North India,1986-10-19,Investment,Yes,Referral,4,1127402,26165142,25563988
C1051,Corporate,Male,Australia,North America,1998-08-03,Rental,No,Advertisement,2,3989868,6642957,10651279
C1052,Individual,Male,UK,Europe,1972-02-29,Investment,Yes,Advertisement,5,3169970,34167310,11650890
C1053,Corporate,Female,UAE,North India,1985-04-26,Investment,No,Advertisement,1,3633095,26794761,19705797
C1054,Investor,Female,USA,Europe,1996-02-16,Personal Use,Yes,Real Estate Agent,5,727526,18352823,26562377
C1055,Corporate,Male,UAE,Europe,1985-03-25,Commercial,Yes,Social Media,4,1445144,11139272,5122791
C1056,Individual,Female,India,North America,1968-10-09,Investment,No,Referral,3,673314,20291947,10141647
C1057,Investor,Female,UAE,Europe,2005-05-26,Investment,Yes,Online,3,2340634,10525030,6640994
C1058,Individual,Male,India,Middle East,1963-09-27,Rental,Yes,Online,2,2411022,11656132,15945057
C1059,Individual,Male,Singapore,North America,1960-01-26,Investment,Yes,Social Media,4,3765371,38803544,523439
C1060,Investor,Female,Australia,North India,1970-03-13,Investment,Yes,Advertisement,5,3299792,42105641,10295154
C1061,Corporate,Female,India,Asia Pacific,1969-06-20,Personal Use,Yes,Advertisement,4,3187690,3664056,11390077
C1062,Corporate,Female,India,Middle East,1988-11-28,Investment,No,Advertisement,4,2707396,17589401,26282888
C1063,Investor,Male,UAE,South India,1972-12-29,Commercial,Yes,Advertisement,3,4609294,22730623,13820591
C1064,Individual,Male,India,West India,1996-03-09,Rental,Yes,Advertisement,5,4062369,26221976,18763925
C1065,Individual,Male,Singapore,North India,1984-10-28,Personal Use,Yes,Social Media,1,2626479,48901320,21826009
C1066,Investor,Male,India,North India,1985-01-02,Commercial,No,Real Estate Agent,3,3362898,31793225,5593659
C1067,Individual,Male,India,North India,1968-04-29,Personal Use,No,Referral,5,2412039,25884029,22341411
C1068,Individual,Male,Australia,Middle East,1981-04-05,Investment,Yes,Advertisement,2,2408580,42049433,17521577
C1069,Individual,Female,UK,South India,1974-10-18,Investment,Yes,Real Estate Agent,3,3151663,47046426,13818834
C1070,Individual,Female,UAE,Asia Pacific,1961-07-25,Personal Use,No,Online,2,2700313,4791838,18760204
C1071,Individual,Male,India,North America,1984-01-31,Investment,Yes,Social Media,3,1800171,16879826,24247601
C1072,Individual,Female,UK,South India,1994-07-13,Commercial,No,Real Estate Agent,4,2614934,4951210,18183246
C1073,Individual,Male,USA,Middle East,2001-11-26,Rental,No,Advertisement,5,2831500,40043621,28460223
C1074,Individual,Male,USA,North India,1983-06-22,Investment,No,Advertisement,2,4992520,20157637,16118461
C1075,Corporate,Male,UK,West India,1963-05-21,Personal Use,Yes,Advertisement,3,3340656,28750286,22345923
C1076,Individual,Female,USA,North India,1966-07-08,Rental,No,Real Estate Agent,2,452499,41289500,21920040
C1077,Individual,Female,India,North America,1979-08-26,Commercial,No,Advertisement,3,2645560,22385132,24740547
C1078,Investor,Female,India,Europe,1999-10-21,Rental,No,Real Estate Agent,3,4417380,45394997,21967164
C1079,Individual,Male,UAE,West India,1992-10-10,Personal Use,Yes,Advertisement,1,4543904,37433028,23994287
C1080,Corporate,Female,India,North India,1988-03-11,Rental,Yes,Online,1,4965907,20391309,28535419
C1081,Investor,Male,UK,Asia Pacific,1964-02-26,Personal Use,Yes,Online,1,3885627,9507841,4457396
C1082,Individual,Female,India,West India,1976-02-13,Personal Use,Yes,Referral,2,1125311,29728342,23006047
C1083,Individual,Female,USA,Europe,1991-06-13,Investment,No,Advertisement,4,4460011,17605227,19067022
C1084,Corporate,Male,UK,South India,1972-09-16,Investment,Yes,Advertisement,3,2862448,42956909,27206369
C1085,Corporate,Female,India,Middle East,1991-04-11,Personal Use,Yes,Real Estate Agent,5,1601507,14042322,26632859
C1086,Individual,Female,India,North India,1991-03-18,Investment,Yes,Real Estate Agent,1,1890194,17440147,8969178
C1087,Investor,Male,India,North America,1976-08-05,Investment,No,Advertisement,2,1979872,2292334,16849549
C1088,Individual,Female,USA,South India,1994-09-24,Rental,No,Referral,2,4420011,31027610,15498645
C1089,Corporate,Male,UAE,North India,1972-04-14,Investment,Yes,Advertisement,2,2251246,17397335,4426427
C1090,Individual,Female,India,South India,1992-11-26,Personal Use,Yes,Real Estate Agent,5,1399529,11737296,1452573
C1091,Corporate,Female,UK,North America,1981-03-21,Personal Use,Yes,Advertisement,5,2741059,28808941,19054398
C1092,Investor,Female,India,North India,1988-05-03,Commercial,No,Real Estate Agent,1,4244240,22392959,17971136
C1093,Investor,Female,India,Europe,1999-06-15,Personal Use,No,Advertisement,5,1888221,43366070,6194166
C1094,Individual,Female,Singapore,Europe,2001-05-10,Investment,No,Social Media,1,2443303,11611422,935643
C1095,Individual,Male,India,North America,1968-12-04,Personal Use,Yes,Real Estate Agent,5,2192470,28739803,20286408
C1096,Individual,Female,India,West India,2005-11-07,Rental,No,Referral,5,4623191,45476593,3575152
C1097,Individual,Male,India,North America,1999-11-26,Commercial,Yes,Social Media,5,3287939,49835578,22068560
C1098,Individual,Female,India,West India,1997-07-17,Personal Use,No,Advertisement,1,651420,8305023,8048352
C1099,Investor,Male,India,North India,1968-11-29,Investment,Yes,Real Estate Agent,3,1378778,20998619,27287222
C1100,Individual,Male,India,West India,1968-11-11,Commercial,No,Social Media,1,4541340,32497783,9255055
C1101,Individual,Female,USA,North India,1994-01-15,Investment,Yes,Referral,3,3033719,48991866,5901882
C1102,Corporate,Male,India,North India,1986-01-01,Personal Use,No,Real Estate Agent,2,4244579,42832885,15145720
C1103,Corporate,Female,India,Asia Pacific,2004-10-06,Personal Use,No,Social Media,2,1063621,11409387,19235519
C1104,Corporate,Male,India,Middle East,2003-08-24,Investment,Yes,Social Media,1,3156986,18384828,11730162
C1105,Corporate,Male,India,North India,1987-12-29,Investment,Yes,Social Media,3,2917293,47555621,10314615
C1106,Individual,Female,USA,West India,1984-07-09,Investment,No,Online,3,2841470,6908187,13876632
C1107,Individual,Male,Australia,Middle East,1974-12-18,Personal Use,Yes,Advertisement,3,2425131,10911480,20532514
C1108,Investor,Male,India,Middle East,1968-01-23,Commercial,Yes,Real Estate Agent,2,1691527,7639150,13964891
C1109,Investor,Female,Singapore,North India,1976-01-13,Investment,Yes,Real Estate Agent,1,604470,1866763,13605611
C1110,Individual,Male,USA,North America,1992-11-04,Rental,No,Real Estate Agent,4,4223828,12698040,18931202
C1111,Investor,Female,USA,North America,1994-08-22,Investment,Yes,Social Media,3,3678835,43093464,16945518
C1112,Individual,Male,India,Europe,1976-08-21,Personal Use,Yes,Advertisement,3,1024559,25403045,24649648
C1113,Individual,Male,India,Middle East,1960-05-15,Investment,Yes,Referral,4,4520675,15878251,13991953
C1114,Individual,Female,India,North India,2003-03-09,Commercial,Yes,Real Estate Agent,1,3088828,5762347,21604159
C1115,Investor,Male,USA,Asia Pacific,1985-06-10,Rental,No,Advertisement,3,1500911,6865522,9460774
C1116,Investor,Male,India,North America,1971-01-16,Personal Use,No,Advertisement,1,2540467,35378785,19423218
C1117,Individual,Male,Singapore,Asia Pacific,1998-10-26,Rental,No,Online,3,2430245,41678988,3515750
C1118,Corporate,Male,India,North India,1977-12-03,Personal Use,Yes,Real Estate Agent,5,3388506,8657351,26332319
C1119,Individual,Female,India,North India,1982-12-27,Commercial,No,Social Media,3,3854499,32111802,12899812
C1120,Individual,Male,UK,Middle East,1988-12-02,Rental,Yes,Advertisement,5,4048598,42210060,16273753
C1121,Corporate,Female,India,Asia Pacific,1995-04-09,Commercial,Yes,Advertisement,1,4643638,30559523,558791
C1122,Corporate,Female,India,Europe,1969-01-27,Personal Use,No,Referral,3,606823,1308293,13879028
C1123,Corporate,Male,UK,Middle East,1995-05-24,Investment,No,Online,2,2153542,25362213,11864975
C1124,Investor,Female,Singapore,South India,1967-05-05,Personal Use,No,Advertisement,2,3314278,41648159,8709842
C1125,Investor,Male,UAE,Asia Pacific,1967-09-07,Investment,No,Advertisement,4,2659477,28783700,25200088
C1126,Investor,Female,UK,North America,1992-09-30,Personal Use,Yes,Social Media,2,4395705,48586155,639118
C1127,Individual,Male,UK,North America,1994-07-03,Personal Use,Yes,Social Media,5,2241041,27793200,7768516
C1128,Individual,Female,Australia,North America,1984-11-22,Personal Use,No,Referral,2,4132477,49058502,23222262
C1129,Individual,Female,India,West India,1977-06-22,Investment,Yes,Referral,2,1189097,16330393,23832170
C1130,Individual,Male,India,North India,1987-03-22,Investment,Yes,Referral,2,4883473,46377102,3226217
C1131,Investor,Female,India,Middle East,1968-08-25,Personal Use,No,Social Media,3,2355481,20373495,23139736
C1132,Individual,Female,India,North America,1975-06-27,Commercial,No,Social Media,4,3828870,31681776,11239924
C1133,Individual,Male,USA,South India,1963-12-23,Investment,Yes,Online,1,4917696,11796329,19747610
C1134,Individual,Male,USA,North America,1985-10-31,Personal Use,No,Real Estate Agent,4,3760408,32007126,17866568
C1135,Investor,Female,USA,Europe,1987-01-01,Rental,No,Real Estate Agent,5,601703,11702949,10256512
C1136,Individual,Female,India,North India,1987-12-24,Personal Use,No,Online,3,2856327,16052399,8916032
C1137,Corporate,Female,UK,Asia Pacific,1964-11-03,Investment,Yes,Real Estate Agent,3,3396297,34471156,7526855
C1138,Individual,Female,India,North India,1976-09-09,Personal Use,Yes,Social Media,2,467173,13563983,4304130
C1139,Individual,Female,USA,Asia Pacific,1974-03-13,Investment,Yes,Real Estate Agent,2,3232718,49707167,7804737
C1140,Investor,Female,USA,Asia Pacific,1992-06-16,Commercial,Yes,Social Media,5,3584462,38590308,4144221
C1141,Investor,Male,India,Middle East,1988-09-24,Investment,Yes,Online,3,634046,30561235,13352195
C1142,Individual,Male,India,West India,1999-08-04,Investment,Yes,Referral,1,2692007,49815105,9161978
C1143,Investor,Female,India,Asia Pacific,1963-03-15,Investment,Yes,Online,4,4950642,12910262,8207410
C1144,Investor,Female,UAE,Asia Pacific,1978-01-16,Investment,No,Real Estate Agent,3,3223251,49343894,21945034
C1145,Individual,Male,Singapore,Middle East,2005-11-30,Rental,Yes,Social Media,1,4183288,19146909,13428708
C1146,Corporate,Male,USA,North America,1960-05-03,Investment,No,Real Estate Agent,1,4137918,23596798,1540062
C1147,Investor,Female,India,Europe,2002-10-13,Investment,No,Real Estate Agent,4,3957854,10685933,5289239
C1148,Investor,Female,India,South India,1976-03-06,Personal Use,Yes,Referral,1,3118063,37019686,21015849
C1149,Corporate,Male,UK,Middle East,1970-09-01,Investment,No,Real Estate Agent,5,3152878,14942382,9049495
C1150,Corporate,Male,UAE,West India,1982-01-31,Investment,No,Referral,1,4719020,35588848,17153946
C1151,Investor,Male,India,Middle East,1985-08-30,Rental,Yes,Social Media,5,409907,15046464,22169110
C1152,Investor,Male,India,North India,1979-04-10,Rental,No,Social Media,1,4568142,19156392,14122631
C1153,Investor,Male,UK,North America,1993-01-23,Commercial,Yes,Referral,2,4102796,19636309,24811692
C1154,Investor,Male,India,North America,1970-01-18,Rental,No,Online,1,3499815,38681628,2317820
C1155,Investor,Female,India,Asia Pacific,1988-12-06,Personal Use,Yes,Social Media,5,1760247,11770829,8549412
C1156,Investor,Male,India,North America,2001-02-23,Investment,No,Online,1,2359612,18569263,28239641
C1157,Individual,Female,India,North America,2003-03-29,Rental,Yes,Social Media,1,2219073,46912283,23969882
C1158,Corporate,Female,Singapore,North America,1983-05-30,Rental,No,Social Media,1,2588157,35068436,4173547
C1159,Corporate,Male,Australia,North America,2001-12-29,Rental,Yes,Advertisement,5,4544671,6704415,23184799
C1160,Individual,Female,USA,South India,1962-08-30,Personal Use,No,Real Estate Agent,1,4531980,24602565,9642988
C1161,Investor,Male,India,West India,1960-12-26,Investment,No,Real Estate Agent,4,3079968,20771893,5618037
C1162,Individual,Female,India,Asia Pacific,1967-03-17,Rental,Yes,Online,4,1421983,33896788,29168007
C1163,Individual,Male,India,North America,1968-09-25,Rental,No,Real Estate Agent,5,2093495,17796408,20122030
C1164,Investor,Female,India,Asia Pacific,1973-07-19,Commercial,Yes,Online,2,2226650,24989507,10019308
C1165,Individual,Female,USA,West India,2002-01-06,Investment,No,Social Media,4,2382167,40109405,11467680
C1166,Investor,Male,India,Europe,2002-08-02,Investment,Yes,Advertisement,3,581532,12897046,26365973
C1167,Investor,Male,India,North America,1993-03-08,Investment,No,Advertisement,4,1768980,27535162,18034974
C1168,Individual,Female,India,Asia Pacific,1981-05-28,Rental,No,Social Media,3,3691677,30498749,16447114
C1169,Individual,Female,India,Middle East,1974-01-06,Investment,Yes,Referral,5,2915091,1904600,10975116
C1170,Individual,Male,India,Asia Pacific,1995-06-19,Investment,Yes,Referral,2,4977849,9083365,18204244
C1171,Investor,Female,India,North America,2000-10-17,Commercial,Yes,Real Estate Agent,3,621099,32678131,25263443
C1172,Corporate,Male,Australia,North India,1962-09-02,Investment,No,Online,3,3968918,40298241,2328864
C1173,Investor,Female,India,South India,2004-07-13,Rental,Yes,Advertisement,4,1547322,27322360,4782378
C1174,Individual,Male,India,Middle East,1971-10-28,Investment,Yes,Real Estate Agent,3,2074112,38712184,10045529
C1175,Investor,Female,Singapore,Middle East,1966-05-02,Rental,No,Social Media,5,4234254,48288398,26932234
C1176,Individual,Male,Australia,North India,1983-12-13,Personal Use,Yes,Advertisement,5,1038288,39788075,2004895
C1177,Investor,Male,USA,North America,1988-03-15,Commercial,No,Online,5,3967312,11491593,25069045
C1178,Individual,Male,UAE,South India,2001-03-14,Commercial,Yes,Online,4,3089971,12950938,29288706
C1179,Investor,Male,India,Middle East,1995-12-17,Investment,Yes,Referral,2,2011961,19073845,5797083
C1180,Individual,Female,India,South India,1978-03-31,Investment,No,Real Estate Agent,4,3711784,10536525,28957714
C1181,Corporate,Male,India,Middle East,1996-08-21,Investment,Yes,Social Media,5,1361795,4872866,23060299
C1182,Individual,Female,UK,North America,1989-09-06,Personal Use,Yes,Advertisement,4,2982467,37545971,26902459
C1183,Investor,Male,UK,Europe,1994-01-09,Rental,No,Online,5,1077510,12743265,4662974
C1184,Corporate,Male,India,Middle East,1980-06-27,Personal Use,Yes,Advertisement,1,631944,24232151,8810774
C1185,Individual,Male,India,Europe,1963-09-25,Personal Use,No,Social Media,1,4700675,12276265,20903207
C1186,Corporate,Male,USA,Middle East,1970-11-03,Investment,No,Advertisement,3,2795968,36407107,15558948
C1187,Investor,Male,India,West India,1964-10-15,Rental,Yes,Real Estate Agent,2,807002,24477923,2719369
C1188,Individual,Male,USA,North America,1961-06-24,Commercial,Yes,Referral,1,4032980,31415436,21617621
C1189,Individual,Female,UK,North India,1980-11-25,Investment,No,Advertisement,5,2244823,42126024,25754891
C1190,Investor,Male,UK,Europe,1989-01-22,Personal Use,Yes,Referral,4,4485198,24912806,13136432
C1191,Individual,Female,UAE,North India,1988-02-25,Investment,Yes,Social Media,4,3428450,29045007,24687301
C1192,Investor,Female,Singapore,North America,1970-11-02,Personal Use,No,Referral,3,4232511,7648561,6944489
C1193,Individual,Male,India,Asia Pacific,2002-03-13,Personal Use,Yes,Advertisement,4,3737864,37156994,9832947
C1194,Investor,Male,UK,North India,1970-07-26,Investment,No,Advertisement,1,4812176,44601011,14028141
C1195,Individual,Female,USA,North America,1982-01-15,Personal Use,Yes,Online,4,2844436,40953609,11797549
C1196,Corporate,Female,India,North India,1976-12-07,Investment,Yes,Advertisement,1,4228923,28596151,28789689
C1197,Corporate,Female,India,Europe,1999-05-24,Personal Use,Yes,Referral,1,3070722,44337977,13215228
C1198,Corporate,Male,India,West India,1984-04-20,Personal Use,No,Online,2,1052739,10714109,17345168
C1199,Investor,Female,India,North India,1971-01-01,Investment,No,Advertisement,3,1108074,8117753,16276701
C1200,Individual,Female,USA,Europe,1987-05-08,Rental,No,Advertisement,5,2170971,8872789,13875834
C1201,Investor,Female,UAE,Middle East,1983-02-21,Rental,Yes,Social Media,1,2652313,31140354,24082744
C1202,Individual,Female,India,North America,1969-10-11,Investment,Yes,Online,3,2439242,36409368,6259951
C1203,Individual,Male,India,South India,1986-07-03,Investment,Yes,Social Media,5,2946199,21130537,21024451
C1204,Individual,Male,Australia,Asia Pacific,1999-03-15,Rental,Yes,Social Media,4,4495978,45341935,26578561
C1205,Individual,Female,India,South India,2005-10-29,Commercial,No,Social Media,3,1530249,41255879,12826607
C1206,Investor,Female,India,North America,1973-10-08,Investment,No,Real Estate Agent,3,1485052,4474376,5767872
C1207,Investor,Male,USA,West India,2002-11-24,Investment,Yes,Social Media,3,2801574,14052046,6380322
C1208,Individual,Male,India,North India,1967-08-06,Investment,No,Referral,4,1626642,13429890,13337078
C1209,Individual,Male,India,West India,1998-06-18,Personal Use,Yes,Advertisement,4,2428978,22659139,19550378
C1210,Corporate,Male,India,South India,1961-08-27,Investment,No,Real Estate Agent,3,3257547,37432669,24348047
C1211,Individual,Female,India,Asia Pacific,1988-07-12,Investment,Yes,Social Media,2,526259,40407884,9850847
C1212,Individual,Female,USA,Europe,1982-11-26,Personal Use,Yes,Advertisement,1,4490798,22056747,14759089
C1213,Individual,Male,India,Asia Pacific,2000-03-20,Personal Use,Yes,Online,4,1238628,26263380,24930126
C1214,Investor,Male,India,North America,2005-10-28,Investment,Yes,Online,2,1809399,39316584,16931080
C1215,Investor,Male,USA,North America,2003-11-05,Personal Use,No,Advertisement,4,3414445,15160146,21467851
C1216,Individual,Male,UAE,West India,1961-03-09,Personal Use,Yes,Referral,3,3732299,31413542,17482748
C1217,Individual,Female,India,Europe,1990-07-06,Investment,Yes,Advertisement,2,524283,38863215,5344218
C1218,Investor,Female,India,West India,1962-05-17,Investment,No,Advertisement,5,2727613,46146197,23519057
C1219,Investor,Female,UK,North India,1999-04-06,Rental,No,Real Estate Agent,1,4134073,35475070,6553572
C1220,Individual,Male,India,Middle East,1992-05-29,Investment,No,Online,1,4277995,37219071,7506423
C1221,Corporate,Female,India,Europe,1999-02-16,Rental,Yes,Online,4,4736602,5795684,9999036
C1222,Individual,Female,USA,Middle East,1984-01-22,Commercial,No,Social Media,1,3293630,18164285,28839932
C1223,Individual,Female,Singapore,Asia Pacific,1961-01-28,Investment,No,Advertisement,5,2743179,33206153,977563
C1224,Corporate,Male,UAE,North India,1993-01-03,Investment,Yes,Advertisement,2,3401046,1718954,24688505
C1225,Individual,Male,USA,Middle East,1988-06-14,Personal Use,Yes,Referral,2,2344353,15944877,9060871
C1226,Investor,Male,UK,South India,1993-05-16,Rental,Yes,Online,3,437117,28443475,29078626
C1227,Individual,Male,India,Asia Pacific,1995-12-24,Commercial,Yes,Referral,2,3675708,9863441,3522488
C1228,Individual,Male,USA,Middle East,1991-10-26,Rental,Yes,Real Estate Agent,4,3419621,34174154,21984799
C1229,Corporate,Male,India,North India,1982-10-22,Investment,Yes,Social Media,5,2425558,16078997,17982130
C1230,Individual,Female,India,Middle East,1970-11-04,Personal Use,No,Referral,3,3755672,46953018,20118215
C1231,Corporate,Female,UK,North America,1961-10-25,Personal Use,No,Online,4,4782653,38665323,5010465
C1232,Individual,Male,USA,West India,1999-10-16,Personal Use,No,Real Estate Agent,4,4286467,24045201,18776306
C1233,Individual,Male,India,South India,1999-09-04,Investment,No,Advertisement,4,3998557,41449913,29581664
C1234,Individual,Female,Singapore,North America,1985-05-14,Investment,Yes,Real Estate Agent,1,4639756,14655894,21916125
C1235,Investor,Female,India,North America,1972-07-10,Rental,No,Referral,4,1348784,21438848,18005882
C1236,Individual,Female,India,North India,1975-03-09,Personal Use,No,Online,1,4813319,34782326,27919573
C1237,Corporate,Other,India,West India,1960-07-04,Investment,Yes,Referral,2,2261591,35615881,12509644
C1238,Individual,Female,UAE,West India,1981-05-18,Investment,No,Advertisement,1,2221969,45166004,9493526
C1239,Corporate,Female,UK,Europe,1962-04-09,Rental,No,Advertisement,4,2067106,3965632,9879583
C1240,Individual,Male,India,Asia Pacific,1997-02-15,Rental,Yes,Online,5,2660375,30323519,23243667
C1241,Corporate,Male,UK,South India,1991-07-17,Investment,No,Social Media,5,2628742,11899686,21071362
C1242,Investor,Male,India,Asia Pacific,1991-08-06,Investment,Yes,Real Estate Agent,2,2775948,22974512,5885192
C1243,Investor,Male,UAE,North India,1989-03-26,Investment,Yes,Real Estate Agent,4,2085978,47150792,19308388
C1244,Investor,Male,India,South India,1995-01-20,Commercial,Yes,Advertisement,1,645615,48725406,3059909
C1245,Investor,Female,India,Europe,1998-01-09,Personal Use,No,Referral,5,1175492,45637638,28555952
C1246,Investor,Female,Australia,Middle East,1996-03-26,Personal Use,No,Referral,3,1813209,9888208,9601949
C1247,Individual,Female,India,North America,1963-05-10,Personal Use,No,Social Media,4,634537,12995490,18212052
C1248,Individual,Male,India,South India,1975-10-23,Investment,Yes,Referral,4,4671061,27134127,15337972
C1249,Corporate,Female,USA,Asia Pacific,1995-09-17,Rental,Yes,Real Estate Agent,3,1997259,28233764,19650900
C1250,Investor,Female,Australia,North America,2004-04-02,Personal Use,No,Referral,5,533407,29536627,7035791
C1251,Investor,Male,India,North India,1967-10-15,Investment,No,Social Media,3,2074842,33671889,9414590
C1252,Individual,Female,India,Asia Pacific,1980-02-12,Investment,Yes,Real Estate Agent,2,1055860,41544255,5870607
C1253,Individual,Male,India,Middle East,1970-12-10,Personal Use,Yes,Referral,1,3769011,13648382,9892789
C1254,Individual,Male,India,North India,1986-07-13,Commercial,No,Real Estate Agent,1,4340243,2593603,4520362
C1255,Investor,Female,India,Middle East,1964-08-15,Investment,No,Advertisement,5,768742,25987734,18849680
C1256,Individual,Male,USA,Middle East,1999-02-12,Rental,Yes,Advertisement,3,798759,3123699,16540078
C1257,Individual,Male,Australia,North America,1994-03-27,Rental,Yes,Advertisement,4,3532090,31503176,11548817
C1258,Individual,Female,India,North India,1979-01-13,Investment,No,Referral,4,4532044,2920831,5126940
C1259,Individual,Female,India,North India,1992-01-29,Investment,No,Social Media,4,1806891,34017373,14506921
C1260,Investor,Male,India,South India,2003-02-27,Investment,Yes,Real Estate Agent,2,930901,20581159,7942917
C1261,Individual,Male,India,Asia Pacific,1976-08-28,Rental,Yes,Online,2,1646511,18720196,23082239
C1262,Investor,Male,Singapore,North India,1996-03-11,Investment,No,Advertisement,4,3455196,24802443,16885460
C1263,Individual,Female,India,South India,1987-12-09,Investment,Yes,Advertisement,5,1262634,18574334,3169086
C1264,Individual,Male,India,West India,2004-01-27,Personal Use,Yes,Online,2,2392335,13731520,20857412
C1265,Individual,Male,USA,West India,1971-02-01,Rental,Yes,Online,2,1970925,23316302,15294011
C1266,Individual,Female,India,West India,1969-06-19,Investment,Yes,Referral,1,4679970,28049048,10996670
C1267,Individual,Female,USA,Europe,1969-07-22,Personal Use,No,Real Estate Agent,1,3043508,42188261,24175717
C1268,Individual,Male,India,North India,2002-05-10,Personal Use,Yes,Advertisement,5,1235489,11627199,3081517
C1269,Investor,Female,UAE,Europe,2004-04-28,Personal Use,No,Social Media,2,3173059,12553965,28515225
C1270,Individual,Female,Australia,Asia Pacific,1996-01-14,Rental,Yes,Referral,2,3531780,43588084,8599542
C1271,Investor,Male,USA,North India,1992-02-10,Investment,Yes,Referral,3,667913,25753177,15974959
C1272,Corporate,Male,Australia,South India,1995-05-09,Rental,Yes,Social Media,5,4225971,6200444,5352033
C1273,Investor,Female,India,Europe,1976-04-21,Personal Use,No,Social Media,5,3649950,5659710,16647237
C1274,Individual,Male,India,Europe,1987-10-28,Personal Use,No,Social Media,3,2731083,11772967,22370248
C1275,Individual,Female,USA,Asia Pacific,1967-06-13,Personal Use,Yes,Online,3,4760538,5934210,25491585
C1276,Individual,Male,USA,Europe,1988-12-12,Personal Use,No,Advertisement,1,2530586,5703157,16721042
C1277,Individual,Male,India,Middle East,1991-01-16,Investment,No,Online,5,4278979,48326233,4693319
C1278,Corporate,Male,India,South India,1991-12-19,Personal Use,No,Advertisement,5,843604,38064683,11273311
C1279,Individual,Male,India,West India,1999-05-07,Personal Use,Yes,Online,3,3858398,9139115,24417656
C1280,Individual,Male,India,South India,1998-02-26,Personal Use,No,Real Estate Agent,4,1603307,39430062,20589955
C1281,Investor,Male,India,Middle East,1987-06-07,Investment,Yes,Advertisement,4,2213743,43738747,14067992
C1282,Investor,Female,UK,Asia Pacific,1983-01-14,Commercial,Yes,Referral,1,2347188,6288486,10196337
C1283,Investor,Other,India,Asia Pacific,1964-10-12,Personal Use,No,Advertisement,4,423088,36877155,10356570
C1284,Individual,Female,India,North India,1982-10-17,Investment,Yes,Advertisement,4,2340929,44399080,5290500
C1285,Individual,Female,USA,South India,1992-11-03,Personal Use,Yes,Advertisement,4,1246430,42043737,23693178
C1286,Individual,Male,USA,Asia Pacific,1972-04-13,Rental,Yes,Real Estate Agent,2,2275390,30925566,15464577
C1287,Individual,Female,Singapore,Europe,2005-02-18,Rental,No,Online,1,4460097,30318947,24530720
C1288,Individual,Male,USA,Asia Pacific,1999-03-25,Personal Use,No,Referral,3,1588037,19627223,15220797
C1289,Individual,Female,India,Asia Pacific,1990-10-03,Rental,Yes,Online,4,4611656,23271871,19199460
C1290,Individual,Other,UAE,Asia Pacific,1986-09-21,Investment,No,Online,2,4721092,26434344,3359281
C1291,Individual,Female,India,Asia Pacific,2002-12-28,Personal Use,Yes,Social Media,4,4101844,10751001,15836013
C1292,Individual,Other,India,West India,1960-07-12,Rental,Yes,Real Estate Agent,2,4567542,33754321,25592678
C1293,Investor,Female,USA,West India,1991-10-17,Rental,No,Social Media,1,4297619,33313614,24294631
C1294,Investor,Male,Singapore,North India,1982-07-13,Personal Use,Yes,Real Estate Agent,4,2947482,3604878,3469137
C1295,Investor,Male,India,Asia Pacific,1972-07-02,Rental,Yes,Online,2,4709462,41723589,5433574
C1296,Individual,Female,India,South India,1978-01-21,Investment,Yes,Online,5,1668165,29243358,10287763
C1297,Individual,Male,India,Middle East,1975-05-11,Rental,No,Real Estate Agent,5,4233574,37274203,1597584
C1298,Individual,Female,India,North India,1973-12-26,Investment,Yes,Online,2,3969284,29725383,24159754
C1299,Investor,Other,India,South India,1964-11-18,Investment,No,Online,4,4816447,12021212,15051858
C1300,Investor,Male,USA,Asia Pacific,1987-10-24,Investment,No,Referral,4,3283553,14408660,3960762
C1301,Individual,Female,India,North America,1975-12-19,Personal Use,Yes,Social Media,1,3298444,13908024,9266011
C1302,Corporate,Female,Australia,Asia Pacific,1960-02-11,Investment,No,Social Media,1,4994927,33703728,25630420
C1303,Individual,Female,UAE,West India,1990-08-17,Investment,Yes,Social Media,3,3570663,40461719,18772382
C1304,Individual,Female,USA,Middle East,1991-08-27,Investment,Yes,Advertisement,1,2997381,30798329,10228732
C1305,Investor,Female,UAE,Europe,1987-01-07,Investment,No,Referral,4,3070519,30235633,19701735
C1306,Corporate,Female,India,Middle East,1970-02-06,Personal Use,No,Social Media,3,434111,27718716,18305728
C1307,Investor,Female,India,Europe,1980-10-17,Personal Use,Yes,Social Media,1,3340134,2707806,13869981
C1308,Investor,Male,USA,Middle East,2000-03-18,Investment,Yes,Referral,2,2703921,45598574,7536968
C1309,Individual,Male,UAE,West India,1960-11-21,Rental,Yes,Online,5,1939605,20191841,15458036
C1310,Investor,Female,UAE,Europe,1963-01-25,Rental,Yes,Social Media,1,2715160,21587521,26150772
C1311,Individual,Male,India,South India,2005-02-24,Rental,Yes,Online,1,440565,23365378,15806328
C1312,Corporate,Female,Australia,Europe,1989-10-05,Investment,Yes,Social Media,2,1679938,49300637,28400535
C1313,Individual,Female,India,North India,1977-03-26,Rental,No,Real Estate Agent,4,1011204,15833479,7347946
C1314,Investor,Male,Singapore,South India,1974-03-21,Investment,Yes,Advertisement,2,1438734,31012723,10028595
C1315,Individual,Female,Australia,North India,2001-08-26,Investment,Yes,Social Media,1,4632537,32339211,16882616
C1316,Investor,Female,India,Asia Pacific,2002-09-28,Investment,No,Real Estate Agent,4,4879143,17230649,26213753
C1317,Individual,Female,UK,Middle East,1998-12-17,Rental,No,Referral,3,1407992,33851197,16528263
C1318,Investor,Male,India,South India,1987-06-28,Investment,Yes,Real Estate Agent,1,2099304,1161101,27972819
C1319,Individual,Male,India,Middle East,1962-02-05,Investment,Yes,Referral,2,4768110,37254895,15988523
C1320,Individual,Male,India,Asia Pacific,1997-07-01,Investment,No,Social Media,3,743401,48630460,3613119
C1321,Individual,Female,USA,North America,1969-08-28,Rental,Yes,Referral,5,3285089,18615610,17582272
C1322,Individual,Male,Australia,Middle East,1990-03-05,Personal Use,Yes,Real Estate Agent,3,2371443,23631985,17783529
C1323,Corporate,Female,UK,Asia Pacific,1971-04-22,Investment,No,Advertisement,2,2802910,1469596,13453283
C1324,Individual,Male,India,Middle East,1992-03-11,Personal Use,Yes,Online,3,3546738,35687867,21957294
C1325,Corporate,Male,UAE,Asia Pacific,1999-03-09,Personal Use,Yes,Online,2,644300,33072501,4896850
C1326,Individual,Female,Australia,North India,1992-04-26,Personal Use,Yes,Advertisement,1,4050730,12580293,25794597
C1327,Individual,Female,India,Asia Pacific,1997-09-20,Investment,Yes,Online,4,4745237,46958064,19484026
C1328,Investor,Male,Australia,Europe,1990-01-26,Rental,Yes,Social Media,5,3963069,38612950,24135652
C1329,Investor,Male,India,North America,1979-02-20,Investment,No,Social Media,4,1064729,22801691,21046116
C1330,Individual,Male,UAE,Middle East,1970-11-27,Personal Use,Yes,Real Estate Agent,4,1524232,13883789,15736561
C1331,Investor,Female,India,Asia Pacific,1970-04-26,Investment,Yes,Real Estate Agent,4,2189695,30520915,5407227
C1332,Investor,Female,India,Asia Pacific,1964-02-13,Investment,Yes,Referral,2,2856982,14426266,3440322
C1333,Individual,Male,India,Middle East,1966-09-16,Investment,No,Real Estate Agent,2,3720938,3114732,27013786
C1334,Corporate,Male,USA,North America,1990-10-06,Personal Use,Yes,Social Media,5,3482745,13960956,9816053
C1335,Corporate,Male,India,North America,1981-11-28,Investment,Yes,Real Estate Agent,2,2556941,23279169,8996574
C1336,Investor,Female,India,Asia Pacific,1987-01-30,Rental,No,Online,2,4139941,34777512,22164707
C1337,Individual,Other,USA,South India,1976-06-24,Investment,Yes,Referral,2,1929278,33845991,9065905
C1338,Investor,Male,Singapore,North India,1998-01-19,Personal Use,Yes,Referral,2,3622353,38103983,3289608
C1339,Individual,Female,India,North America,1988-09-02,Rental,Yes,Social Media,1,569162,7898199,9594514
C1340,Individual,Male,India,North America,2001-10-16,Personal Use,Yes,Real Estate Agent,5,2001669,23394780,18717193
C1341,Individual,Male,India,West India,1989-05-07,Rental,Yes,Online,2,4990075,37654018,25996277
C1342,Individual,Female,India,Europe,1962-09-02,Personal Use,No,Real Estate Agent,5,4120257,37028268,29799054
C1343,Corporate,Female,UAE,North America,1988-01-22,Investment,Yes,Advertisement,3,3492959,8285315,17888000
C1344,Investor,Female,UAE,North India,1995-08-07,Rental,No,Real Estate Agent,1,3087434,30089137,5379932
C1345,Investor,Female,USA,Europe,1998-11-30,Investment,Yes,Social Media,2,2873301,20541697,6483594
C1346,Individual,Male,India,Europe,1989-01-26,Personal Use,Yes,Real Estate Agent,1,3299650,3567604,18037613
C1347,Individual,Female,UAE,Middle East,1989-01-28,Rental,Yes,Referral,1,3157233,38089486,21581598
C1348,Individual,Male,USA,Middle East,1970-03-22,Investment,No,Online,3,2312990,41600095,25576830
C1349,Corporate,Female,UAE,Middle East,1983-05-31,Investment,Yes,Social Media,5,3289888,14143868,17016937
C1350,Individual,Male,USA,Middle East,1966-02-01,Personal Use,No,Advertisement,1,3788669,43741417,26810642
C1351,Corporate,Female,UAE,West India,1963-11-29,Rental,Yes,Online,4,4112983,33084096,29626871
C1352,Investor,Male,USA,North America,1965-09-11,Commercial,Yes,Online,3,4935211,12057765,9331700
C1353,Individual,Male,India,Middle East,1997-09-19,Personal Use,Yes,Referral,4,4372622,12986978,3479631
C1354,Investor,Female,Australia,Asia Pacific,1961-11-26,Personal Use,Yes,Referral,3,2870319,23776626,5383143
C1355,Individual,Male,India,South India,1960-07-20,Commercial,Yes,Referral,4,2499741,4360966,15308927
C1356,Corporate,Female,USA,Middle East,1992-12-27,Investment,Yes,Social Media,4,2884319,41355628,15220542
C1357,Corporate,Male,India,North America,2002-10-15,Investment,No,Real Estate Agent,1,2379681,8577676,29755457
C1358,Individual,Male,USA,Middle East,1982-08-18,Rental,Yes,Online,1,407711,4498352,15339638
C1359,Individual,Male,USA,West India,1994-02-11,Rental,No,Real Estate Agent,3,1666548,19307904,18052344
C1360,Investor,Male,India,North India,1969-07-09,Rental,Yes,Real Estate Agent,5,4915878,43975580,12932518
C1361,Corporate,Female,India,North India,1966-01-11,Personal Use,Yes,Referral,1,3215839,4281401,8115570
C1362,Individual,Male,USA,North America,2002-07-21,Investment,No,Real Estate Agent,1,1150506,42423085,24847014
C1363,Investor,Female,UAE,Asia Pacific,2000-01-15,Personal Use,Yes,Online,2,3386189,46209152,11650382
C1364,Investor,Female,India,North India,1983-02-18,Investment,Yes,Online,1,4853293,16746479,9571309
C1365,Investor,Male,India,North India,1992-06-11,Investment,No,Advertisement,5,1273002,43780809,15438496
C1366,Individual,Female,USA,South India,1977-04-18,Rental,No,Social Media,2,3919983,28696396,5851804
C1367,Investor,Female,India,North America,1974-08-25,Investment,Yes,Real Estate Agent,4,4898178,19894563,21208428
C1368,Corporate,Female,India,Asia Pacific,1967-09-07,Rental,Yes,Social Media,4,3682750,12955400,26744005
C1369,Individual,Male,India,North America,1979-08-12,Personal Use,No,Social Media,2,2205166,39362253,8435922
C1370,Individual,Male,India,North India,1960-07-04,Personal Use,Yes,Social Media,2,1653159,49085603,8860334
C1371,Corporate,Female,India,North India,1982-02-04,Investment,No,Social Media,2,3439933,25378023,8522115
C1372,Individual,Female,India,North India,1991-08-11,Investment,Yes,Online,3,595507,13422754,10137364
C1373,Corporate,Female,India,Europe,2003-10-28,Investment,Yes,Real Estate Agent,5,865718,46401910,11850398
C1374,Individual,Male,India,West India,1960-07-20,Commercial,No,Advertisement,5,1575370,27508102,14060514
C1375,Individual,Female,India,Middle East,1990-11-23,Rental,Yes,Social Media,4,734267,21771170,11079135
C1376,Corporate,Male,India,West India,1975-08-20,Personal Use,Yes,Advertisement,4,3980697,17820801,16670563
C1377,Individual,Female,India,North America,2002-12-24,Investment,Yes,Online,4,3371413,23235982,7495844
C1378,Individual,Male,UAE,South India,1965-10-03,Commercial,No,Online,1,506948,22273928,27594769
C1379,Individual,Female,India,Middle East,1984-12-02,Investment,No,Referral,4,2872385,7717998,25198457
C1380,Investor,Male,India,South India,1964-04-20,Investment,Yes,Social Media,2,2037346,49057168,2920056
C1381,Individual,Male,India,Asia Pacific,1974-01-12,Personal Use,Yes,Referral,4,1779912,11413949,2214185
C1382,Individual,Female,India,Europe,1978-05-03,Commercial,No,Advertisement,2,1011442,29869862,25209383
C1383,Corporate,Male,USA,North America,1998-06-04,Investment,No,Real Estate Agent,3,4156082,32833806,2170411
C1384,Individual,Male,USA,Europe,1963-08-22,Investment,No,Referral,1,2715632,11089617,18631775
C1385,Investor,Male,Singapore,North America,1983-09-09,Commercial,Yes,Online,1,3013137,16553687,12794773
C1386,Individual,Female,USA,South India,1970-02-16,Investment,No,Social Media,5,2132266,1927510,12598297
C1387,Investor,Female,Australia,South India,1976-07-02,Investment,No,Advertisement,3,4722818,13916875,15707994
C1388,Individual,Male,India,South India,1989-03-16,Personal Use,Yes,Online,2,3316561,18215508,15055330
C1389,Corporate,Female,India,North America,1973-03-16,Rental,Yes,Real Estate Agent,3,4599287,8043135,15687930
C1390,Individual,Female,India,North India,1985-08-04,Personal Use,Yes,Social Media,1,1095269,46532377,20736849
C1391,Individual,Male,India,South India,1979-01-20,Commercial,No,Real Estate Agent,2,1425926,18533917,11519670
C1392,Individual,Female,India,Europe,1997-04-12,Personal Use,Yes,Real Estate Agent,3,3741280,25522881,27811399
C1393,Individual,Female,USA,Asia Pacific,1977-01-01,Investment,No,Social Media,1,4222417,31699744,6310041
C1394,Individual,Female,India,Middle East,1994-04-09,Commercial,No,Social Media,2,4762110,46860597,18037120
C1395,Individual,Male,Australia,North America,1994-07-21,Personal Use,No,Real Estate Agent,2,3226866,26924163,9984749
C1396,Investor,Female,UAE,Europe,1970-11-20,Investment,No,Advertisement,1,3784754,2361349,23183262
C1397,Individual,Female,India,West India,1984-05-26,Personal Use,No,Social Media,2,1041800,42315286,24355861
C1398,Individual,Male,India,Asia Pacific,1993-01-06,Investment,Yes,Online,1,466786,19389996,27199862
C1399,Investor,Male,India,West India,1961-11-21,Investment,No,Referral,4,2764054,45834175,11924734
C1400,Investor,Male,India,Middle East,1993-10-18,Investment,Yes,Advertisement,4,1813387,7275178,25672044
C1401,Individual,Male,India,North India,1969-05-30,Personal Use,No,Social Media,2,4676977,18140332,3491992
C1402,Individual,Female,India,South India,1966-06-13,Rental,Yes,Social Media,2,2650056,35984775,13699051
C1403,Individual,Male,India,North America,1962-01-19,Personal Use,No,Advertisement,1,2756263,17237708,22181634
C1404,Investor,Male,India,Europe,1995-07-01,Commercial,No,Referral,2,3989609,3472512,19205553
C1405,Investor,Female,Australia,South India,1995-03-05,Investment,No,Real Estate Agent,5,1693520,31214342,13210548
C1406,Individual,Male,UK,Europe,1975-10-07,Investment,Yes,Online,4,2932230,7618991,8837388
C1407,Investor,Female,Australia,North America,1991-11-11,Investment,Yes,Social Media,2,4876176,40445146,24069518
C1408,Investor,Male,India,West India,1976-08-18,Investment,No,Referral,2,4435702,13445774,11401481
C1409,Investor,Male,India,South India,1996-08-17,Investment,Yes,Online,3,4425725,35142131,19140512
C1410,Corporate,Male,USA,Middle East,1999-10-12,Rental,No,Advertisement,2,833073,35319229,28361756
C1411,Individual,Male,India,North India,1974-06-10,Commercial,Yes,Social Media,5,1869975,46161953,4419144
C1412,Individual,Male,India,Middle East,1998-05-08,Commercial,No,Real Estate Agent,4,881537,30344255,11043086
C1413,Individual,Female,UK,North India,1977-07-19,Investment,Yes,Advertisement,3,4329570,14082873,24627112
C1414,Individual,Female,USA,Asia Pacific,1977-03-20,Rental,No,Social Media,1,2486866,6899128,15146038
C1415,Individual,Male,India,Europe,1962-06-04,Investment,No,Referral,1,4989684,4858223,29560429
C1416,Corporate,Female,India,South India,1962-05-14,Investment,Yes,Online,4,3929161,12575895,26015530
C1417,Individual,Female,India,South India,1978-12-09,Rental,Yes,Online,1,2983092,18025506,16302950
C1418,Individual,Female,India,Asia Pacific,1991-12-30,Personal Use,Yes,Social Media,5,2217389,16095979,19617783
C1419,Individual,Male,India,North India,1968-05-12,Investment,No,Advertisement,2,1975685,9043364,22278969
C1420,Corporate,Male,India,West India,1984-07-30,Personal Use,Yes,Real Estate Agent,4,4911538,30632222,4040765
C1421,Individual,Male,India,North America,2004-05-08,Investment,No,Referral,3,1864308,21583717,14706113
C1422,Individual,Female,Australia,Middle East,1983-05-16,Rental,Yes,Social Media,2,2376553,31448009,20506501
C1423,Individual,Female,USA,Asia Pacific,2001-04-05,Personal Use,Yes,Referral,1,1622178,37173621,11173220
C1424,Individual,Male,UK,Europe,1981-01-13,Commercial,Yes,Online,1,4588084,7358234,21481892
C1425,Corporate,Male,India,Asia Pacific,1987-05-30,Investment,Yes,Real Estate Agent,3,4540946,33870633,26814450
C1426,Corporate,Female,India,Middle East,2001-10-23,Investment,Yes,Referral,5,623626,38058611,25497618
C1427,Individual,Female,India,Middle East,1984-05-10,Personal Use,No,Social Media,3,2733731,10267214,5027781
C1428,Corporate,Other,India,Europe,1999-12-04,Personal Use,No,Real Estate Agent,4,4532313,2098168,7880889
C1429,Investor,Female,India,Europe,1979-09-08,Investment,Yes,Advertisement,3,2891231,28481199,19163996
C1430,Corporate,Male,UAE,South India,1985-01-13,Rental,No,Social Media,1,3037588,10625589,24596617
C1431,Individual,Female,UK,Middle East,1962-03-25,Rental,No,Referral,5,1503035,37183911,5409334
C1432,Individual,Female,India,North America,1986-09-01,Commercial,Yes,Real Estate Agent,5,4416384,11651186,595856
C1433,Individual,Male,India,North America,1967-08-09,Rental,Yes,Social Media,3,1965831,23790969,11410237
C1434,Investor,Female,Singapore,North India,1973-07-29,Rental,Yes,Real Estate Agent,4,4686258,28051252,8552546
C1435,Individual,Female,India,Asia Pacific,1970-06-22,Personal Use,Yes,Real Estate Agent,1,1344545,32808959,18069755
C1436,Individual,Male,India,Europe,2000-07-09,Rental,No,Real Estate Agent,2,683197,19877804,25888192
C1437,Individual,Female,India,South India,1987-05-18,Investment,No,Referral,5,1282816,25735086,22293513
C1438,Investor,Female,UAE,North America,1995-06-30,Investment,Yes,Social Media,3,896626,22667737,21679266
C1439,Individual,Female,Australia,West India,1978-07-17,Investment,Yes,Online,4,3714004,8356089,19016420
C1440,Investor,Male,India,South India,1985-12-16,Personal Use,No,Online,4,2146176,5719902,10362008
C1441,Corporate,Male,Singapore,South India,2003-02-01,Investment,No,Referral,1,4826719,44760745,23544265
C1442,Individual,Female,UAE,North America,1989-03-26,Commercial,No,Referral,5,854318,23799372,14562397
C1443,Investor,Male,India,West India,1966-06-13,Investment,No,Real Estate Agent,1,3685091,4736029,11766745
C1444,Individual,Female,India,North India,1985-01-26,Investment,Yes,Social Media,2,678429,18623670,3335512
C1445,Corporate,Female,India,North America,1966-07-23,Personal Use,No,Social Media,2,4918037,23685324,17925647
C1446,Individual,Male,Australia,West India,1961-06-08,Investment,No,Advertisement,2,1025329,31507516,23196704
C1447,Investor,Female,India,South India,1961-07-15,Investment,Yes,Advertisement,4,2323884,39795320,12268165
C1448,Investor,Female,UAE,West India,1982-05-12,Investment,No,Online,5,2027255,3654589,1305064
C1449,Corporate,Male,India,South India,2004-04-23,Personal Use,Yes,Advertisement,1,4595911,33498844,17551460
C1450,Investor,Female,UK,Asia Pacific,1972-10-08,Personal Use,Yes,Advertisement,1,3548681,33136324,12344410
C1451,Individual,Female,India,North America,1963-04-20,Rental,Yes,Online,2,1394426,8632034,13018701
C1452,Investor,Female,USA,Europe,1992-12-17,Rental,Yes,Online,5,3345267,29288694,2805129
C1453,Corporate,Female,UAE,North America,1993-12-06,Personal Use,Yes,Advertisement,5,4271306,2827916,9357700
C1454,Investor,Male,UAE,Asia Pacific,1966-02-16,Investment,Yes,Social Media,3,3527813,35268996,17356160
C1455,Individual,Female,Singapore,Middle East,1995-07-23,Investment,Yes,Advertisement,5,1311974,8694379,11429816
C1456,Corporate,Female,India,Middle East,1974-05-06,Rental,Yes,Real Estate Agent,5,2061393,33334141,10874057
C1457,Investor,Female,UK,Middle East,1992-11-25,Investment,Yes,Real Estate Agent,1,3806820,45045896,19261756
C1458,Investor,Female,India,North America,2005-01-19,Investment,Yes,Real Estate Agent,5,2848466,10570032,22087449
C1459,Individual,Male,India,North India,1984-11-26,Rental,No,Referral,5,1868084,37888487,8461240
C1460,Investor,Female,India,North America,2000-07-23,Personal Use,Yes,Real Estate Agent,1,3066551,33098540,22390485
C1461,Individual,Male,India,Asia Pacific,1996-05-22,Investment,Yes,Social Media,5,3490109,18939324,14698138
C1462,Investor,Male,India,Asia Pacific,1967-03-06,Investment,No,Referral,1,868897,34978884,24060264
C1463,Individual,Male,Australia,Europe,1968-09-25,Commercial,No,Referral,3,3772053,24135452,9933341
C1464,Investor,Female,India,West India,1970-10-23,Rental,No,Real Estate Agent,4,4895939,20793205,27529442
C1465,Corporate,Female,UK,North America,1963-07-11,Rental,Yes,Advertisement,1,3562633,6443157,8730798
C1466,Individual,Female,India,North America,1999-12-12,Personal Use,Yes,Online,1,1573767,16973595,19002147
C1467,Corporate,Female,India,South India,2002-11-24,Personal Use,No,Advertisement,5,3703034,8657509,4964165
C1468,Individual,Female,India,Asia Pacific,1964-11-07,Commercial,Yes,Advertisement,1,466538,10071245,18535731
C1469,Corporate,Female,Australia,South India,1976-12-22,Commercial,Yes,Referral,2,2328347,25823214,8050576
C1470,Investor,Female,Singapore,South India,2003-02-26,Investment,Yes,Referral,2,2759177,40454605,22059830
C1471,Investor,Male,Singapore,North America,1968-08-04,Rental,No,Referral,3,4789696,41534762,2781892
C1472,Investor,Male,Australia,North India,1979-10-01,Investment,Yes,Social Media,1,1577569,39001866,16280285
C1473,Corporate,Female,India,West India,2000-11-27,Investment,No,Social Media,5,3294914,20112776,1315982
C1474,Individual,Female,India,West India,1966-08-13,Personal Use,No,Online,5,4741387,26780005,21950887
C1475,Individual,Male,USA,Asia Pacific,2003-09-16,Personal Use,Yes,Referral,4,1532113,44739583,7356612
C1476,Investor,Male,India,Europe,1962-11-12,Commercial,No,Real Estate Agent,3,831508,28063790,10035223
C1477,Investor,Female,India,Asia Pacific,2000-10-26,Investment,No,Referral,5,536322,28138731,3823180
C1478,Investor,Male,India,North India,1997-03-05,Personal Use,No,Social Media,4,658116,39828156,8238976
C1479,Investor,Female,USA,North India,1975-08-29,Commercial,Yes,Referral,5,4355449,13411968,12329280
C1480,Individual,Female,USA,West India,2003-09-12,Commercial,No,Social Media,4,2530239,27739480,18860966
C1481,Investor,Male,India,Middle East,2002-09-15,Investment,Yes,Referral,2,2533520,18210127,20895774
C1482,Individual,Male,India,South India,2002-10-11,Investment,No,Real Estate Agent,2,2093512,36035361,20623925
C1483,Individual,Female,USA,South India,1977-07-21,Personal Use,Yes,Online,5,3636421,7244994,15358372
C1484,Individual,Female,USA,West India,1982-02-08,Investment,Yes,Real Estate Agent,3,3197678,36331778,19144756
C1485,Individual,Female,India,Asia Pacific,1988-05-05,Commercial,No,Social Media,1,2653557,21615094,10049949
C1486,Individual,Female,UK,North India,2001-01-28,Commercial,No,Advertisement,3,2268058,16721852,2566776
C1487,Individual,Male,India,Asia Pacific,1985-04-02,Investment,No,Real Estate Agent,3,2070663,40143024,26594391
C1488,Investor,Female,India,Europe,1994-10-27,Investment,Yes,Referral,1,4994641,25902387,1833809
C1489,Individual,Female,UAE,Middle East,1963-08-08,Investment,Yes,Online,2,3167189,38124261,21920678
C1490,Individual,Female,USA,West India,1984-06-19,Commercial,No,Referral,2,3370993,41959678,21392277
C1491,Individual,Male,India,South India,1997-09-10,Investment,No,Referral,1,1956610,4714886,24536729
C1492,Individual,Female,UK,North America,1977-09-14,Personal Use,No,Real Estate Agent,4,2236301,20657945,22029393
C1493,Individual,Female,USA,Asia Pacific,2001-07-29,Personal Use,Yes,Online,3,3437099,44887462,3586395
C1494,Individual,Male,UAE,North India,1973-12-08,Personal Use,Yes,Advertisement,5,1947053,46612306,28477340
C1495,Investor,Male,UK,North America,1971-08-11,Investment,No,Referral,2,711356,14243443,18576114
C1496,Investor,Female,USA,Europe,2005-12-25,Investment,No,Online,5,3498787,5334965,21722003
C1497,Investor,Male,India,West India,2000-10-27,Commercial,Yes,Advertisement,1,3621004,41697194,13085350
C1498,Individual,Male,India,Asia Pacific,1966-09-12,Commercial,No,Referral,5,3258968,33971318,23923911
C1499,Individual,Male,India,South India,1969-02-28,Rental,Yes,Online,5,4544101,32626579,26082252
C1500,Corporate,Female,India,Asia Pacific,1993-12-24,Investment,Yes,Real Estate Agent,3,3969073,15039641,23225818
